window_start,window_end,direction,move_pips,status,overlap_positions,same_dir_positions,opp_dir_positions
2026-02-01T23:00:00+00:00,2026-02-02T01:00:00+00:00,long,41.0,flat,0,0,0
2026-02-02T06:30:00+00:00,2026-02-02T08:30:00+00:00,long,41.6,aligned,1,1,0
2026-02-03T02:30:00+00:00,2026-02-03T04:30:00+00:00,long,74.1,opposed_only,1,0,1
2026-02-03T05:45:00+00:00,2026-02-03T07:45:00+00:00,long,44.2,opposed_only,1,0,1
2026-02-03T14:45:00+00:00,2026-02-03T16:45:00+00:00,long,32.9,flat,0,0,0
2026-02-05T16:00:00+00:00,2026-02-05T18:00:00+00:00,long,32.1,aligned,1,1,0
2026-02-06T00:00:00+00:00,2026-02-06T02:00:00+00:00,long,42.8,aligned,1,1,0
2026-02-06T12:30:00+00:00,2026-02-06T14:30:00+00:00,long,30.2,opposed_only,1,0,1
2026-02-09T13:30:00+00:00,2026-02-09T15:30:00+00:00,long,39.0,flat,0,0,0
2026-02-11T00:30:00+00:00,2026-02-11T02:30:00+00:00,long,44.4,aligned,1,1,0
2026-02-11T15:30:00+00:00,2026-02-11T17:30:00+00:00,long,46.1,flat,0,0,0
2026-02-13T13:15:00+00:00,2026-02-13T15:15:00+00:00,long,32.6,aligned,1,1,0
2026-02-17T15:15:00+00:00,2026-02-17T17:15:00+00:00,long,36.8,aligned,1,1,0
2026-02-19T14:45:00+00:00,2026-02-19T16:45:00+00:00,long,32.4,aligned,1,1,0
2026-02-20T14:00:00+00:00,2026-02-20T16:00:00+00:00,long,50.1,aligned,1,1,0
2026-02-20T17:15:00+00:00,2026-02-20T19:15:00+00:00,long,30.0,opposed_only,1,0,1
2026-02-22T22:45:00+00:00,2026-02-23T00:45:00+00:00,long,30.9,opposed_only,2,0,2
2026-02-24T14:00:00+00:00,2026-02-24T16:00:00+00:00,long,36.9,aligned,1,1,0
2026-02-26T17:45:00+00:00,2026-02-26T19:45:00+00:00,long,33.1,aligned,1,1,0
2026-02-27T13:30:00+00:00,2026-02-27T15:30:00+00:00,long,38.0,opposed_only,1,0,1
2026-03-01T23:45:00+00:00,2026-03-02T01:45:00+00:00,long,53.2,flat,0,0,0
2026-03-02T08:15:00+00:00,2026-03-02T10:15:00+00:00,long,51.0,aligned,1,1,0
2026-03-02T14:15:00+00:00,2026-03-02T16:15:00+00:00,long,30.6,aligned,1,1,0
2026-03-02T17:30:00+00:00,2026-03-02T19:30:00+00:00,long,32.9,aligned,1,1,0
2026-03-03T11:15:00+00:00,2026-03-03T13:15:00+00:00,long,32.2,aligned,1,1,0
2026-03-03T15:00:00+00:00,2026-03-03T17:00:00+00:00,long,75.6,aligned,1,1,0
2026-03-04T08:45:00+00:00,2026-03-04T10:45:00+00:00,long,53.3,opposed_only,1,0,1
2026-03-04T15:00:00+00:00,2026-03-04T17:00:00+00:00,long,30.8,aligned,2,1,1
2026-03-05T08:15:00+00:00,2026-03-05T10:15:00+00:00,long,58.8,aligned,1,1,0
2026-03-05T19:45:00+00:00,2026-03-05T21:45:00+00:00,long,33.0,aligned,1,1,0
2026-03-06T14:30:00+00:00,2026-03-06T16:30:00+00:00,long,41.4,flat,0,0,0
2026-03-09T03:30:00+00:00,2026-03-09T05:30:00+00:00,long,37.0,flat,0,0,0
2026-03-09T08:15:00+00:00,2026-03-09T10:15:00+00:00,long,51.4,aligned,2,1,1
2026-03-09T12:45:00+00:00,2026-03-09T14:45:00+00:00,long,32.8,opposed_only,1,0,1
2026-03-09T17:45:00+00:00,2026-03-09T19:45:00+00:00,long,44.5,opposed_only,1,0,1
2026-03-10T05:30:00+00:00,2026-03-10T07:30:00+00:00,long,56.0,flat,0,0,0
2026-03-10T14:00:00+00:00,2026-03-10T16:00:00+00:00,long,40.2,flat,0,0,0
2026-03-11T00:45:00+00:00,2026-03-11T02:45:00+00:00,long,44.8,flat,0,0,0
2026-02-01T22:00:00+00:00,2026-02-02T00:00:00+00:00,short,32.3,flat,0,0,0
2026-02-02T02:30:00+00:00,2026-02-02T04:30:00+00:00,short,32.6,flat,0,0,0
2026-02-03T07:30:00+00:00,2026-02-03T09:30:00+00:00,short,41.7,aligned,2,2,0
2026-02-03T13:00:00+00:00,2026-02-03T15:00:00+00:00,short,33.6,flat,0,0,0
2026-02-04T14:15:00+00:00,2026-02-04T16:15:00+00:00,short,43.2,aligned,2,1,1
2026-02-05T00:30:00+00:00,2026-02-05T02:30:00+00:00,short,47.8,aligned,1,1,0
2026-02-05T14:30:00+00:00,2026-02-05T16:30:00+00:00,short,37.8,opposed_only,2,0,2
2026-02-05T20:00:00+00:00,2026-02-05T22:00:00+00:00,short,36.6,opposed_only,1,0,1
2026-02-05T22:30:00+00:00,2026-02-06T00:30:00+00:00,short,32.2,flat,0,0,0
2026-02-09T09:15:00+00:00,2026-02-09T11:15:00+00:00,short,30.6,aligned,1,1,0
2026-02-11T11:30:00+00:00,2026-02-11T13:30:00+00:00,short,42.5,aligned,1,1,0
2026-02-12T14:15:00+00:00,2026-02-12T16:15:00+00:00,short,51.2,aligned,1,1,0
2026-02-13T05:00:00+00:00,2026-02-13T07:00:00+00:00,short,35.5,aligned,1,1,0
2026-02-20T00:45:00+00:00,2026-02-20T02:45:00+00:00,short,39.9,aligned,1,1,0
2026-02-22T23:45:00+00:00,2026-02-23T01:45:00+00:00,short,35.4,aligned,1,1,0
2026-02-26T13:15:00+00:00,2026-02-26T15:15:00+00:00,short,55.3,aligned,2,1,1
2026-02-27T20:15:00+00:00,2026-03-01T22:15:00+00:00,short,76.7,opposed_only,1,0,1
2026-03-02T05:15:00+00:00,2026-03-02T07:15:00+00:00,short,35.5,flat,0,0,0
2026-03-02T10:45:00+00:00,2026-03-02T12:45:00+00:00,short,32.7,aligned,1,1,0
2026-03-02T15:00:00+00:00,2026-03-02T17:00:00+00:00,short,31.2,opposed_only,1,0,1
2026-03-02T19:30:00+00:00,2026-03-02T21:30:00+00:00,short,32.0,aligned,1,1,0
2026-03-03T04:15:00+00:00,2026-03-03T06:15:00+00:00,short,31.3,aligned,1,1,0
2026-03-03T07:15:00+00:00,2026-03-03T09:15:00+00:00,short,51.7,opposed_only,1,0,1
2026-03-03T13:00:00+00:00,2026-03-03T15:00:00+00:00,short,75.8,opposed_only,1,0,1
2026-03-03T23:30:00+00:00,2026-03-04T01:30:00+00:00,short,55.1,aligned,1,1,0
2026-03-05T01:15:00+00:00,2026-03-05T03:15:00+00:00,short,31.6,aligned,2,1,1
2026-03-05T06:45:00+00:00,2026-03-05T08:45:00+00:00,short,35.6,opposed_only,1,0,1
2026-03-05T14:45:00+00:00,2026-03-05T16:45:00+00:00,short,53.0,opposed_only,1,0,1
2026-03-06T07:45:00+00:00,2026-03-06T09:45:00+00:00,short,46.6,aligned,1,1,0
2026-03-06T13:30:00+00:00,2026-03-06T15:30:00+00:00,short,37.4,opposed_only,1,0,1
2026-03-06T21:45:00+00:00,2026-03-08T22:45:00+00:00,short,53.0,aligned,1,1,0
2026-03-10T17:15:00+00:00,2026-03-10T19:15:00+00:00,short,42.3,aligned,1,1,0
