entry_ts,exit_ts,side,units_opened,units_closed,entry_price,exit_price,leg,reason,pnl_pips,pnl_pips_weighted,pnl_usd,mae_pips,equity,hold_bars
2026-01-02T07:45:00.000000000Z,2026-01-02T07:45:00.000000000Z,LONG,21000.00,0.00,0.66969,0.66969,ENTRY,ENTRY,0.00,0.00,0.0000,0.00,0.0000,0
2026-01-02T07:45:00.000000000Z,2026-01-02T09:30:00.000000000Z,LONG,21000.00,21000.00,0.66969,0.66993,EXIT,FLIP,2.40,2.40,5.0400,-1.20,5.0400,7
2026-01-02T09:30:00.000000000Z,2026-01-02T09:30:00.000000000Z,SHORT,21000.00,0.00,0.66993,0.66993,ENTRY,FLIP_ENTRY,0.00,0.00,0.0000,0.00,5.0400,0
2026-01-02T09:30:00.000000000Z,2026-01-02T12:15:00.000000000Z,SHORT,21000.00,21000.00,0.66993,0.66937,EXIT,FLIP,5.60,5.60,11.7600,-2.00,16.8000,11
2026-01-02T12:15:00.000000000Z,2026-01-02T12:15:00.000000000Z,LONG,21000.00,0.00,0.66937,0.66937,ENTRY,FLIP_ENTRY,0.00,0.00,0.0000,0.00,16.8000,0
2026-01-02T12:15:00.000000000Z,2026-01-02T16:30:00.000000000Z,LONG,21000.00,21000.00,0.66937,0.66851,EXIT,FLIP,-8.60,-8.60,-18.0600,-12.40,-1.2600,17
2026-01-02T16:30:00.000000000Z,2026-01-02T16:30:00.000000000Z,SHORT,21000.00,0.00,0.66851,0.66851,ENTRY,FLIP_ENTRY,0.00,0.00,0.0000,0.00,-1.2600,0
2026-01-02T16:30:00.000000000Z,2026-01-02T17:15:00.000000000Z,SHORT,21000.00,21000.00,0.66851,0.66896,EXIT,FLIP,-4.50,-4.50,-9.4500,-4.20,-10.7100,3
2026-01-02T17:15:00.000000000Z,2026-01-02T17:15:00.000000000Z,LONG,21000.00,0.00,0.66896,0.66896,ENTRY,FLIP_ENTRY,0.00,0.00,0.0000,0.00,-10.7100,0
2026-01-02T17:15:00.000000000Z,2026-01-05T07:30:00.000000000Z,LONG,21000.00,21000.00,0.66896,0.66745,EXIT,FLIP,-15.10,-15.10,-31.7100,-24.40,-42.4200,57
2026-01-05T07:30:00.000000000Z,2026-01-05T07:30:00.000000000Z,SHORT,21000.00,0.00,0.66745,0.66745,ENTRY,FLIP_ENTRY,0.00,0.00,0.0000,0.00,-42.4200,0
2026-01-05T07:30:00.000000000Z,2026-01-05T14:00:00.000000000Z,SHORT,21000.00,21000.00,0.66745,0.66843,EXIT,FLIP,-9.80,-9.80,-20.5800,-14.10,-63.0000,26
2026-01-05T14:00:00.000000000Z,2026-01-05T14:00:00.000000000Z,LONG,21000.00,0.00,0.66843,0.66843,ENTRY,FLIP_ENTRY,0.00,0.00,0.0000,0.00,-63.0000,0
2026-01-05T14:00:00.000000000Z,2026-01-05T15:25:00.000000000Z,LONG,21000.00,6300.00,0.66843,0.67036,TP1,TP1,19.30,5.79,12.1590,-2.40,-50.8410,4
2026-01-05T14:00:00.000000000Z,2026-01-05T15:25:00.000000000Z,LONG,21000.00,14700.00,0.66843,0.67056,RUNNER,RUNNER_STOP,21.30,14.91,31.3110,-2.40,-19.5300,4
2026-01-05T17:45:00.000000000Z,2026-01-05T17:45:00.000000000Z,SHORT,21000.00,0.00,0.67115,0.67115,ENTRY,ENTRY,0.00,0.00,0.0000,0.00,-19.5300,0
2026-01-05T17:45:00.000000000Z,2026-01-06T01:30:00.000000000Z,SHORT,21000.00,21000.00,0.67115,0.67121,EXIT,FLIP,-0.60,-0.60,-1.2600,-6.30,-20.7900,31
2026-01-06T01:30:00.000000000Z,2026-01-06T01:30:00.000000000Z,LONG,21000.00,0.00,0.67121,0.67121,ENTRY,FLIP_ENTRY,0.00,0.00,0.0000,0.00,-20.7900,0
2026-01-06T01:30:00.000000000Z,2026-01-06T05:30:00.000000000Z,LONG,21000.00,21000.00,0.67121,0.67247,EXIT,FLIP,12.60,12.60,26.4600,-0.80,5.6700,16
2026-01-06T05:30:00.000000000Z,2026-01-06T05:30:00.000000000Z,SHORT,21000.00,0.00,0.67247,0.67247,ENTRY,FLIP_ENTRY,0.00,0.00,0.0000,0.00,5.6700,0
2026-01-06T05:30:00.000000000Z,2026-01-06T11:45:00.000000000Z,SHORT,21000.00,21000.00,0.67247,0.67187,EXIT,FLIP,6.00,6.00,12.6000,-14.70,18.2700,25
2026-01-06T11:45:00.000000000Z,2026-01-06T11:45:00.000000000Z,LONG,21000.00,0.00,0.67187,0.67187,ENTRY,FLIP_ENTRY,0.00,0.00,0.0000,0.00,18.2700,0
2026-01-06T11:45:00.000000000Z,2026-01-06T15:00:00.000000000Z,LONG,21000.00,21000.00,0.67187,0.67259,EXIT,FLIP,7.20,7.20,15.1200,-3.00,33.3900,13
2026-01-06T15:00:00.000000000Z,2026-01-06T15:00:00.000000000Z,SHORT,21000.00,0.00,0.67259,0.67259,ENTRY,FLIP_ENTRY,0.00,0.00,0.0000,0.00,33.3900,0
2026-01-06T15:00:00.000000000Z,2026-01-07T01:15:00.000000000Z,SHORT,21000.00,21000.00,0.67259,0.67372,EXIT,FLIP,-11.30,-11.30,-23.7300,-16.00,9.6600,41
2026-01-07T01:15:00.000000000Z,2026-01-07T01:15:00.000000000Z,LONG,21000.00,0.00,0.67372,0.67372,ENTRY,FLIP_ENTRY,0.00,0.00,0.0000,0.00,9.6600,0
2026-01-07T01:15:00.000000000Z,2026-01-07T03:52:00.000000000Z,LONG,21000.00,6300.00,0.67372,0.67565,TP1,TP1,19.30,5.79,12.1590,-1.40,21.8190,9
2026-01-07T01:15:00.000000000Z,2026-01-07T03:52:00.000000000Z,LONG,21000.00,14700.00,0.67372,0.67585,RUNNER,RUNNER_STOP,21.30,14.91,31.3110,-1.40,53.1300,9
2026-01-07T04:45:00.000000000Z,2026-01-07T04:45:00.000000000Z,SHORT,21000.00,0.00,0.67592,0.67592,ENTRY,ENTRY,0.00,0.00,0.0000,0.00,53.1300,0
2026-01-07T04:45:00.000000000Z,2026-01-07T07:38:00.000000000Z,SHORT,21000.00,6300.00,0.67592,0.67399,TP1,TP1,19.30,5.79,12.1590,-2.20,65.2890,10
2026-01-07T04:45:00.000000000Z,2026-01-07T07:38:00.000000000Z,SHORT,21000.00,14700.00,0.67592,0.67379,RUNNER,RUNNER_STOP,21.30,14.91,31.3110,-2.20,96.6000,10
2026-01-07T12:00:00.000000000Z,2026-01-07T12:00:00.000000000Z,SHORT,21000.00,0.00,0.67315,0.67315,ENTRY,ENTRY,0.00,0.00,0.0000,0.00,96.6000,0
2026-01-07T12:00:00.000000000Z,2026-01-07T17:15:00.000000000Z,SHORT,21000.00,21000.00,0.67315,0.67305,EXIT,FLIP,1.00,1.00,2.1000,-14.90,98.7000,21
2026-01-07T17:15:00.000000000Z,2026-01-07T17:15:00.000000000Z,LONG,21000.00,0.00,0.67305,0.67305,ENTRY,FLIP_ENTRY,0.00,0.00,0.0000,0.00,98.7000,0
2026-01-07T17:15:00.000000000Z,2026-01-08T02:00:00.000000000Z,LONG,21000.00,21000.00,0.67305,0.67155,EXIT,FLIP,-15.00,-15.00,-31.5000,-15.20,67.2000,35
2026-01-08T02:00:00.000000000Z,2026-01-08T02:00:00.000000000Z,SHORT,21000.00,0.00,0.67155,0.67155,ENTRY,FLIP_ENTRY,0.00,0.00,0.0000,0.00,67.2000,0
2026-01-08T02:00:00.000000000Z,2026-01-08T06:15:00.000000000Z,SHORT,21000.00,6300.00,0.67155,0.66962,TP1,TP1,19.30,5.79,12.1590,-5.10,79.3590,16
2026-01-08T02:00:00.000000000Z,2026-01-08T06:15:00.000000000Z,SHORT,21000.00,14700.00,0.67155,0.66942,RUNNER,RUNNER_STOP,21.30,14.91,31.3110,-5.10,110.6700,16
2026-01-08T12:00:00.000000000Z,2026-01-08T12:00:00.000000000Z,SHORT,21000.00,0.00,0.66932,0.66932,ENTRY,ENTRY,0.00,0.00,0.0000,0.00,110.6700,0
2026-01-08T12:00:00.000000000Z,2026-01-08T15:00:00.000000000Z,SHORT,21000.00,21000.00,0.66932,0.66963,EXIT,FLIP,-3.10,-3.10,-6.5100,-6.60,104.1600,12
2026-01-08T15:00:00.000000000Z,2026-01-08T15:00:00.000000000Z,LONG,21000.00,0.00,0.66963,0.66963,ENTRY,FLIP_ENTRY,0.00,0.00,0.0000,0.00,104.1600,0
2026-01-08T15:00:00.000000000Z,2026-01-08T17:00:00.000000000Z,LONG,21000.00,21000.00,0.66963,0.66919,EXIT,FLIP,-4.40,-4.40,-9.2400,-7.90,94.9200,8
2026-01-08T17:00:00.000000000Z,2026-01-08T17:00:00.000000000Z,SHORT,21000.00,0.00,0.66919,0.66919,ENTRY,FLIP_ENTRY,0.00,0.00,0.0000,0.00,94.9200,0
2026-01-08T17:00:00.000000000Z,2026-01-08T19:45:00.000000000Z,SHORT,21000.00,21000.00,0.66919,0.66942,EXIT,FLIP,-2.30,-2.30,-4.8300,-3.70,90.0900,11
2026-01-08T19:45:00.000000000Z,2026-01-08T19:45:00.000000000Z,LONG,21000.00,0.00,0.66942,0.66942,ENTRY,FLIP_ENTRY,0.00,0.00,0.0000,0.00,90.0900,0
2026-01-08T19:45:00.000000000Z,2026-01-09T05:30:00.000000000Z,LONG,21000.00,21000.00,0.66942,0.66935,EXIT,FLIP,-0.70,-0.70,-1.4700,-5.80,88.6200,39
2026-01-09T05:30:00.000000000Z,2026-01-09T05:30:00.000000000Z,SHORT,21000.00,0.00,0.66935,0.66935,ENTRY,FLIP_ENTRY,0.00,0.00,0.0000,0.00,88.6200,0
2026-01-09T05:30:00.000000000Z,2026-01-09T09:00:00.000000000Z,SHORT,21000.00,21000.00,0.66935,0.66850,EXIT,FLIP,8.50,8.50,17.8500,-3.10,106.4700,14
2026-01-09T09:00:00.000000000Z,2026-01-09T09:00:00.000000000Z,LONG,21000.00,0.00,0.66850,0.66850,ENTRY,FLIP_ENTRY,0.00,0.00,0.0000,0.00,106.4700,0
2026-01-09T09:00:00.000000000Z,2026-01-12T01:11:00.000000000Z,LONG,21000.00,6300.00,0.66850,0.67043,TP1,TP1,19.30,5.79,12.1590,-21.40,118.6290,63
2026-01-09T09:00:00.000000000Z,2026-01-12T01:11:00.000000000Z,LONG,21000.00,14700.00,0.66850,0.67063,RUNNER,RUNNER_STOP,21.30,14.91,31.3110,-21.40,149.9400,63
2026-01-12T01:45:00.000000000Z,2026-01-12T01:45:00.000000000Z,SHORT,21000.00,0.00,0.66977,0.66977,ENTRY,ENTRY,0.00,0.00,0.0000,0.00,149.9400,0
2026-01-12T01:45:00.000000000Z,2026-01-12T05:00:00.000000000Z,SHORT,21000.00,21000.00,0.66977,0.66973,EXIT,FLIP,0.40,0.40,0.8400,-3.70,150.7800,13
2026-01-12T05:00:00.000000000Z,2026-01-12T05:00:00.000000000Z,LONG,21000.00,0.00,0.66973,0.66973,ENTRY,FLIP_ENTRY,0.00,0.00,0.0000,0.00,150.7800,0
2026-01-12T05:00:00.000000000Z,2026-01-12T08:15:00.000000000Z,LONG,21000.00,21000.00,0.66973,0.67034,EXIT,FLIP,6.10,6.10,12.8100,-1.50,163.5900,13
2026-01-12T08:15:00.000000000Z,2026-01-12T08:15:00.000000000Z,SHORT,21000.00,0.00,0.67034,0.67034,ENTRY,FLIP_ENTRY,0.00,0.00,0.0000,0.00,163.5900,0
2026-01-12T08:15:00.000000000Z,2026-01-13T00:45:00.000000000Z,SHORT,21000.00,21000.00,0.67034,0.67113,EXIT,FLIP,-7.90,-7.90,-16.5900,-18.90,147.0000,66
2026-01-13T00:45:00.000000000Z,2026-01-13T00:45:00.000000000Z,LONG,21000.00,0.00,0.67113,0.67113,ENTRY,FLIP_ENTRY,0.00,0.00,0.0000,0.00,147.0000,0
2026-01-13T00:45:00.000000000Z,2026-01-13T02:45:00.000000000Z,LONG,21000.00,21000.00,0.67113,0.67105,EXIT,FLIP,-0.80,-0.80,-1.6800,-3.00,145.3200,8
2026-01-13T02:45:00.000000000Z,2026-01-13T02:45:00.000000000Z,SHORT,21000.00,0.00,0.67105,0.67105,ENTRY,FLIP_ENTRY,0.00,0.00,0.0000,0.00,145.3200,0
2026-01-13T02:45:00.000000000Z,2026-01-13T09:30:00.000000000Z,SHORT,21000.00,21000.00,0.67105,0.67063,EXIT,FLIP,4.20,4.20,8.8200,-2.70,154.1400,27
2026-01-13T09:30:00.000000000Z,2026-01-13T09:30:00.000000000Z,LONG,21000.00,0.00,0.67063,0.67063,ENTRY,FLIP_ENTRY,0.00,0.00,0.0000,0.00,154.1400,0
2026-01-13T09:30:00.000000000Z,2026-01-13T13:30:00.000000000Z,LONG,21000.00,6300.00,0.67063,0.67256,TP1,TP1,19.30,5.79,12.1590,-8.90,166.2990,15
2026-01-13T09:30:00.000000000Z,2026-01-13T13:30:00.000000000Z,LONG,21000.00,14700.00,0.67063,0.67276,RUNNER,RUNNER_STOP,21.30,14.91,31.3110,-8.90,197.6100,15
2026-01-13T17:00:00.000000000Z,2026-01-13T17:00:00.000000000Z,LONG,21000.00,0.00,0.66839,0.66839,ENTRY,ENTRY,0.00,0.00,0.0000,0.00,197.6100,0
2026-01-13T17:00:00.000000000Z,2026-01-13T20:15:00.000000000Z,LONG,21000.00,21000.00,0.66839,0.66795,EXIT,FLIP,-4.40,-4.40,-9.2400,-6.30,188.3700,13
2026-01-13T20:15:00.000000000Z,2026-01-13T20:15:00.000000000Z,SHORT,21000.00,0.00,0.66795,0.66795,ENTRY,FLIP_ENTRY,0.00,0.00,0.0000,0.00,188.3700,0
2026-01-13T20:15:00.000000000Z,2026-01-14T01:45:00.000000000Z,SHORT,21000.00,21000.00,0.66795,0.66831,EXIT,FLIP,-3.60,-3.60,-7.5600,-9.50,180.8100,22
2026-01-14T01:45:00.000000000Z,2026-01-14T01:45:00.000000000Z,LONG,21000.00,0.00,0.66831,0.66831,ENTRY,FLIP_ENTRY,0.00,0.00,0.0000,0.00,180.8100,0
2026-01-14T01:45:00.000000000Z,2026-01-14T04:30:00.000000000Z,LONG,21000.00,21000.00,0.66831,0.66968,EXIT,FLIP,13.70,13.70,28.7700,-0.90,209.5800,11
2026-01-14T04:30:00.000000000Z,2026-01-14T04:30:00.000000000Z,SHORT,21000.00,0.00,0.66968,0.66968,ENTRY,FLIP_ENTRY,0.00,0.00,0.0000,0.00,209.5800,0
2026-01-14T04:30:00.000000000Z,2026-01-14T09:00:00.000000000Z,SHORT,21000.00,21000.00,0.66968,0.66981,EXIT,FLIP,-1.30,-1.30,-2.7300,-5.60,206.8500,18
2026-01-14T09:00:00.000000000Z,2026-01-14T09:00:00.000000000Z,LONG,21000.00,0.00,0.66981,0.66981,ENTRY,FLIP_ENTRY,0.00,0.00,0.0000,0.00,206.8500,0
2026-01-14T09:00:00.000000000Z,2026-01-14T15:30:00.000000000Z,LONG,21000.00,21000.00,0.66981,0.66795,EXIT,FLIP,-18.60,-18.60,-39.0600,-22.50,167.7900,26
2026-01-14T15:30:00.000000000Z,2026-01-14T15:30:00.000000000Z,SHORT,21000.00,0.00,0.66795,0.66795,ENTRY,FLIP_ENTRY,0.00,0.00,0.0000,0.00,167.7900,0
2026-01-14T15:30:00.000000000Z,2026-01-14T18:45:00.000000000Z,SHORT,21000.00,21000.00,0.66795,0.66792,EXIT,FLIP,0.30,0.30,0.6300,-9.20,168.4200,13
2026-01-14T18:45:00.000000000Z,2026-01-14T18:45:00.000000000Z,LONG,21000.00,0.00,0.66792,0.66792,ENTRY,FLIP_ENTRY,0.00,0.00,0.0000,0.00,168.4200,0
2026-01-14T18:45:00.000000000Z,2026-01-15T10:35:00.000000000Z,LONG,21000.00,6300.00,0.66792,0.66985,TP1,TP1,19.30,5.79,12.1590,-11.80,180.5790,62
2026-01-14T18:45:00.000000000Z,2026-01-15T10:35:00.000000000Z,LONG,21000.00,14700.00,0.66792,0.67005,RUNNER,RUNNER_STOP,21.30,14.91,31.3110,-11.80,211.8900,62
2026-01-15T14:15:00.000000000Z,2026-01-15T14:15:00.000000000Z,LONG,21000.00,0.00,0.66873,0.66873,ENTRY,ENTRY,0.00,0.00,0.0000,0.00,211.8900,0
2026-01-15T14:15:00.000000000Z,2026-01-15T16:18:00.000000000Z,LONG,21000.00,6300.00,0.66873,0.67066,TP1,TP1,19.30,5.79,12.1590,-9.90,224.0490,7
2026-01-15T14:15:00.000000000Z,2026-01-15T16:18:00.000000000Z,LONG,21000.00,14700.00,0.66873,0.67086,RUNNER,RUNNER_STOP,21.30,14.91,31.3110,-9.90,255.3600,7
2026-01-15T17:45:00.000000000Z,2026-01-15T17:45:00.000000000Z,SHORT,21000.00,0.00,0.67040,0.67040,ENTRY,ENTRY,0.00,0.00,0.0000,0.00,255.3600,0
2026-01-15T17:45:00.000000000Z,2026-01-16T02:30:00.000000000Z,SHORT,21000.00,21000.00,0.67040,0.67025,EXIT,FLIP,1.50,1.50,3.1500,-4.80,258.5100,35
2026-01-16T02:30:00.000000000Z,2026-01-16T02:30:00.000000000Z,LONG,21000.00,0.00,0.67025,0.67025,ENTRY,FLIP_ENTRY,0.00,0.00,0.0000,0.00,258.5100,0
2026-01-16T02:30:00.000000000Z,2026-01-16T05:00:00.000000000Z,LONG,21000.00,21000.00,0.67025,0.67015,EXIT,FLIP,-1.00,-1.00,-2.1000,-3.90,256.4100,10
2026-01-16T05:00:00.000000000Z,2026-01-16T05:00:00.000000000Z,SHORT,21000.00,0.00,0.67015,0.67015,ENTRY,FLIP_ENTRY,0.00,0.00,0.0000,0.00,256.4100,0
2026-01-16T05:00:00.000000000Z,2026-01-16T15:30:00.000000000Z,SHORT,21000.00,6300.00,0.67015,0.66822,TP1,TP1,19.30,5.79,12.1590,-8.10,268.5690,41
2026-01-16T05:00:00.000000000Z,2026-01-16T15:30:00.000000000Z,SHORT,21000.00,14700.00,0.67015,0.66802,RUNNER,RUNNER_STOP,21.30,14.91,31.3110,-8.10,299.8800,41
2026-01-19T01:30:00.000000000Z,2026-01-19T01:30:00.000000000Z,SHORT,21000.00,0.00,0.66832,0.66832,ENTRY,ENTRY,0.00,0.00,0.0000,0.00,299.8800,0
2026-01-19T01:30:00.000000000Z,2026-01-19T14:52:00.000000000Z,SHORT,21000.00,21000.00,0.66832,0.67119,EXIT,SL,-28.70,-28.70,-60.2700,-27.70,239.6100,52
2026-01-19T17:15:00.000000000Z,2026-01-19T17:15:00.000000000Z,SHORT,21000.00,0.00,0.67133,0.67133,ENTRY,ENTRY,0.00,0.00,0.0000,0.00,239.6100,0
2026-01-19T17:15:00.000000000Z,2026-01-19T20:15:00.000000000Z,SHORT,21000.00,21000.00,0.67133,0.67153,EXIT,FLIP,-2.00,-2.00,-4.2000,-4.10,235.4100,12
2026-01-19T20:15:00.000000000Z,2026-01-19T20:15:00.000000000Z,LONG,21000.00,0.00,0.67153,0.67153,ENTRY,FLIP_ENTRY,0.00,0.00,0.0000,0.00,235.4100,0
2026-01-19T20:15:00.000000000Z,2026-01-20T04:50:00.000000000Z,LONG,21000.00,6300.00,0.67153,0.67346,TP1,TP1,19.30,5.79,12.1590,-8.50,247.5690,33
2026-01-19T20:15:00.000000000Z,2026-01-20T04:50:00.000000000Z,LONG,21000.00,14700.00,0.67153,0.67366,RUNNER,RUNNER_STOP,21.30,14.91,31.3110,-8.50,278.8800,33
2026-01-20T05:45:00.000000000Z,2026-01-20T05:45:00.000000000Z,SHORT,21000.00,0.00,0.67353,0.67353,ENTRY,ENTRY,0.00,0.00,0.0000,0.00,278.8800,0
2026-01-20T05:45:00.000000000Z,2026-01-20T10:30:00.000000000Z,SHORT,21000.00,21000.00,0.67353,0.67325,EXIT,FLIP,2.80,2.80,5.8800,-12.10,284.7600,19
2026-01-20T10:30:00.000000000Z,2026-01-20T10:30:00.000000000Z,LONG,21000.00,0.00,0.67325,0.67325,ENTRY,FLIP_ENTRY,0.00,0.00,0.0000,0.00,284.7600,0
2026-01-20T10:30:00.000000000Z,2026-01-20T17:30:00.000000000Z,LONG,21000.00,21000.00,0.67325,0.67405,EXIT,FLIP,8.00,8.00,16.8000,-7.20,301.5600,28
2026-01-20T17:30:00.000000000Z,2026-01-20T17:30:00.000000000Z,SHORT,21000.00,0.00,0.67405,0.67405,ENTRY,FLIP_ENTRY,0.00,0.00,0.0000,0.00,301.5600,0
2026-01-20T17:30:00.000000000Z,2026-01-20T20:30:00.000000000Z,SHORT,21000.00,21000.00,0.67405,0.67349,EXIT,FLIP,5.60,5.60,11.7600,-2.30,313.3200,12
2026-01-20T20:30:00.000000000Z,2026-01-20T20:30:00.000000000Z,LONG,21000.00,0.00,0.67349,0.67349,ENTRY,FLIP_ENTRY,0.00,0.00,0.0000,0.00,313.3200,0
2026-01-20T20:30:00.000000000Z,2026-01-21T02:30:00.000000000Z,LONG,21000.00,21000.00,0.67349,0.67363,EXIT,FLIP,1.40,1.40,2.9400,-5.10,316.2600,24
2026-01-21T02:30:00.000000000Z,2026-01-21T02:30:00.000000000Z,SHORT,21000.00,0.00,0.67363,0.67363,ENTRY,FLIP_ENTRY,0.00,0.00,0.0000,0.00,316.2600,0
2026-01-21T02:30:00.000000000Z,2026-01-21T04:45:00.000000000Z,SHORT,21000.00,21000.00,0.67363,0.67329,EXIT,FLIP,3.40,3.40,7.1400,-1.60,323.4000,9
2026-01-21T04:45:00.000000000Z,2026-01-21T04:45:00.000000000Z,LONG,21000.00,0.00,0.67329,0.67329,ENTRY,FLIP_ENTRY,0.00,0.00,0.0000,0.00,323.4000,0
2026-01-21T04:45:00.000000000Z,2026-01-21T07:23:00.000000000Z,LONG,21000.00,6300.00,0.67329,0.67522,TP1,TP1,19.30,5.79,12.1590,-1.60,335.5590,9
2026-01-21T04:45:00.000000000Z,2026-01-21T07:23:00.000000000Z,LONG,21000.00,14700.00,0.67329,0.67542,RUNNER,RUNNER_STOP,21.30,14.91,31.3110,-1.60,366.8700,9
2026-01-21T11:15:00.000000000Z,2026-01-21T11:15:00.000000000Z,LONG,21000.00,0.00,0.67516,0.67516,ENTRY,ENTRY,0.00,0.00,0.0000,0.00,366.8700,0
2026-01-21T11:15:00.000000000Z,2026-01-21T13:54:00.000000000Z,LONG,21000.00,6300.00,0.67516,0.67709,TP1,TP1,19.30,5.79,12.1590,-3.00,379.0290,9
2026-01-21T11:15:00.000000000Z,2026-01-21T13:54:00.000000000Z,LONG,21000.00,14700.00,0.67516,0.67729,RUNNER,RUNNER_STOP,21.30,14.91,31.3110,-3.00,410.3400,9
2026-01-21T14:00:00.000000000Z,2026-01-21T14:00:00.000000000Z,SHORT,21000.00,0.00,0.67673,0.67673,ENTRY,ENTRY,0.00,0.00,0.0000,0.00,410.3400,0
2026-01-21T14:00:00.000000000Z,2026-01-22T01:19:00.000000000Z,SHORT,21000.00,21000.00,0.67673,0.67960,EXIT,SL,-28.70,-28.70,-60.2700,-27.60,350.0700,44
2026-01-22T02:15:00.000000000Z,2026-01-22T02:15:00.000000000Z,SHORT,21000.00,0.00,0.67913,0.67913,ENTRY,ENTRY,0.00,0.00,0.0000,0.00,350.0700,0
2026-01-22T02:15:00.000000000Z,2026-01-22T06:45:00.000000000Z,SHORT,21000.00,21000.00,0.67913,0.68071,EXIT,FLIP,-15.80,-15.80,-33.1800,-19.50,316.8900,18
2026-01-22T06:45:00.000000000Z,2026-01-22T06:45:00.000000000Z,LONG,21000.00,0.00,0.68071,0.68071,ENTRY,FLIP_ENTRY,0.00,0.00,0.0000,0.00,316.8900,0
2026-01-22T06:45:00.000000000Z,2026-01-22T14:45:00.000000000Z,LONG,21000.00,21000.00,0.68071,0.68125,EXIT,FLIP,5.40,5.40,11.3400,-11.30,328.2300,32
2026-01-22T14:45:00.000000000Z,2026-01-22T14:45:00.000000000Z,SHORT,21000.00,0.00,0.68125,0.68125,ENTRY,FLIP_ENTRY,0.00,0.00,0.0000,0.00,328.2300,0
2026-01-22T14:45:00.000000000Z,2026-01-22T17:52:00.000000000Z,SHORT,21000.00,21000.00,0.68125,0.68412,EXIT,SL,-28.70,-28.70,-60.2700,-28.10,267.9600,11
2026-01-22T19:15:00.000000000Z,2026-01-22T19:15:00.000000000Z,SHORT,21000.00,0.00,0.68414,0.68414,ENTRY,ENTRY,0.00,0.00,0.0000,0.00,267.9600,0
2026-01-22T19:15:00.000000000Z,2026-01-23T00:00:00.000000000Z,SHORT,21000.00,21000.00,0.68414,0.68410,EXIT,FLIP,0.40,0.40,0.8400,-1.80,268.8000,19
2026-01-23T00:00:00.000000000Z,2026-01-23T00:00:00.000000000Z,LONG,21000.00,0.00,0.68410,0.68410,ENTRY,FLIP_ENTRY,0.00,0.00,0.0000,0.00,268.8000,0
2026-01-23T00:00:00.000000000Z,2026-01-23T02:00:00.000000000Z,LONG,21000.00,21000.00,0.68410,0.68421,EXIT,FLIP,1.10,1.10,2.3100,-0.80,271.1100,8
2026-01-23T02:00:00.000000000Z,2026-01-23T02:00:00.000000000Z,SHORT,21000.00,0.00,0.68421,0.68421,ENTRY,FLIP_ENTRY,0.00,0.00,0.0000,0.00,271.1100,0
2026-01-23T02:00:00.000000000Z,2026-01-23T03:45:00.000000000Z,SHORT,21000.00,21000.00,0.68421,0.68437,EXIT,FLIP,-1.60,-1.60,-3.3600,-2.40,267.7500,7
2026-01-23T03:45:00.000000000Z,2026-01-23T03:45:00.000000000Z,LONG,21000.00,0.00,0.68437,0.68437,ENTRY,FLIP_ENTRY,0.00,0.00,0.0000,0.00,267.7500,0
2026-01-23T03:45:00.000000000Z,2026-01-23T07:15:00.000000000Z,LONG,21000.00,21000.00,0.68437,0.68461,EXIT,FLIP,2.40,2.40,5.0400,-4.30,272.7900,14
2026-01-23T07:15:00.000000000Z,2026-01-23T07:15:00.000000000Z,SHORT,21000.00,0.00,0.68461,0.68461,ENTRY,FLIP_ENTRY,0.00,0.00,0.0000,0.00,272.7900,0
2026-01-23T07:15:00.000000000Z,2026-01-23T10:45:00.000000000Z,SHORT,21000.00,21000.00,0.68461,0.68467,EXIT,FLIP,-0.60,-0.60,-1.2600,-5.60,271.5300,14
2026-01-23T10:45:00.000000000Z,2026-01-23T10:45:00.000000000Z,LONG,21000.00,0.00,0.68467,0.68467,ENTRY,FLIP_ENTRY,0.00,0.00,0.0000,0.00,271.5300,0
2026-01-23T10:45:00.000000000Z,2026-01-23T13:07:00.000000000Z,LONG,21000.00,6300.00,0.68467,0.68660,TP1,TP1,19.30,5.79,12.1590,-2.10,283.6890,8
2026-01-23T10:45:00.000000000Z,2026-01-23T13:07:00.000000000Z,LONG,21000.00,14700.00,0.68467,0.68680,RUNNER,RUNNER_STOP,21.30,14.91,31.3110,-2.10,315.0000,8
2026-01-23T13:45:00.000000000Z,2026-01-23T13:45:00.000000000Z,SHORT,21000.00,0.00,0.68493,0.68493,ENTRY,ENTRY,0.00,0.00,0.0000,0.00,315.0000,0
2026-01-23T13:45:00.000000000Z,2026-01-23T16:35:00.000000000Z,SHORT,21000.00,21000.00,0.68493,0.68780,EXIT,SL,-28.70,-28.70,-60.2700,-28.90,254.7300,10
2026-01-23T18:00:00.000000000Z,2026-01-23T18:00:00.000000000Z,SHORT,21000.00,0.00,0.68737,0.68737,ENTRY,ENTRY,0.00,0.00,0.0000,0.00,254.7300,0
2026-01-23T18:00:00.000000000Z,2026-01-25T22:04:00.000000000Z,SHORT,21000.00,21000.00,0.68737,0.69024,EXIT,SL,-28.70,-28.70,-60.2700,-49.70,194.4600,15
2026-01-25T23:30:00.000000000Z,2026-01-25T23:30:00.000000000Z,SHORT,21000.00,0.00,0.69105,0.69105,ENTRY,ENTRY,0.00,0.00,0.0000,0.00,194.4600,0
2026-01-25T23:30:00.000000000Z,2026-01-26T05:15:00.000000000Z,SHORT,21000.00,21000.00,0.69105,0.69177,EXIT,FLIP,-7.20,-7.20,-15.1200,-18.20,179.3400,23
2026-01-26T05:15:00.000000000Z,2026-01-26T05:15:00.000000000Z,LONG,21000.00,0.00,0.69177,0.69177,ENTRY,FLIP_ENTRY,0.00,0.00,0.0000,0.00,179.3400,0
2026-01-26T05:15:00.000000000Z,2026-01-26T10:45:00.000000000Z,LONG,21000.00,21000.00,0.69177,0.69207,EXIT,FLIP,3.00,3.00,6.3000,-9.20,185.6400,22
2026-01-26T10:45:00.000000000Z,2026-01-26T10:45:00.000000000Z,SHORT,21000.00,0.00,0.69207,0.69207,ENTRY,FLIP_ENTRY,0.00,0.00,0.0000,0.00,185.6400,0
2026-01-26T10:45:00.000000000Z,2026-01-26T13:45:00.000000000Z,SHORT,21000.00,21000.00,0.69207,0.69183,EXIT,FLIP,2.40,2.40,5.0400,-5.70,190.6800,12
2026-01-26T13:45:00.000000000Z,2026-01-26T13:45:00.000000000Z,LONG,21000.00,0.00,0.69183,0.69183,ENTRY,FLIP_ENTRY,0.00,0.00,0.0000,0.00,190.6800,0
2026-01-26T13:45:00.000000000Z,2026-01-26T14:58:00.000000000Z,LONG,21000.00,6300.00,0.69183,0.69376,TP1,TP1,19.30,5.79,12.1590,-3.30,202.8390,3
2026-01-26T13:45:00.000000000Z,2026-01-26T14:58:00.000000000Z,LONG,21000.00,14700.00,0.69183,0.69396,RUNNER,RUNNER_STOP,21.30,14.91,31.3110,-3.30,234.1500,3
2026-01-26T16:00:00.000000000Z,2026-01-26T16:00:00.000000000Z,SHORT,21000.00,0.00,0.69317,0.69317,ENTRY,ENTRY,0.00,0.00,0.0000,0.00,234.1500,0
2026-01-26T16:00:00.000000000Z,2026-01-26T22:39:00.000000000Z,SHORT,21000.00,6300.00,0.69317,0.69124,TP1,TP1,19.30,5.79,12.1590,-9.30,246.3090,25
2026-01-26T16:00:00.000000000Z,2026-01-26T22:39:00.000000000Z,SHORT,21000.00,14700.00,0.69317,0.69104,RUNNER,RUNNER_STOP,21.30,14.91,31.3110,-9.30,277.6200,25
2026-01-26T23:15:00.000000000Z,2026-01-26T23:15:00.000000000Z,LONG,21000.00,0.00,0.69146,0.69146,ENTRY,ENTRY,0.00,0.00,0.0000,0.00,277.6200,0
2026-01-26T23:15:00.000000000Z,2026-01-27T03:00:00.000000000Z,LONG,21000.00,21000.00,0.69146,0.69173,EXIT,FLIP,2.70,2.70,5.6700,-7.30,283.2900,15
2026-01-27T03:00:00.000000000Z,2026-01-27T03:00:00.000000000Z,SHORT,21000.00,0.00,0.69173,0.69173,ENTRY,FLIP_ENTRY,0.00,0.00,0.0000,0.00,283.2900,0
2026-01-27T03:00:00.000000000Z,2026-01-27T09:15:00.000000000Z,SHORT,21000.00,21000.00,0.69173,0.69153,EXIT,FLIP,2.00,2.00,4.2000,-5.20,287.4900,25
2026-01-27T09:15:00.000000000Z,2026-01-27T09:15:00.000000000Z,LONG,21000.00,0.00,0.69153,0.69153,ENTRY,FLIP_ENTRY,0.00,0.00,0.0000,0.00,287.4900,0
2026-01-27T09:15:00.000000000Z,2026-01-27T12:10:00.000000000Z,LONG,21000.00,6300.00,0.69153,0.69346,TP1,TP1,19.30,5.79,12.1590,-1.20,299.6490,10
2026-01-27T09:15:00.000000000Z,2026-01-27T12:10:00.000000000Z,LONG,21000.00,14700.00,0.69153,0.69366,RUNNER,RUNNER_STOP,21.30,14.91,31.3110,-1.20,330.9600,10
2026-01-27T13:15:00.000000000Z,2026-01-27T13:15:00.000000000Z,SHORT,21000.00,0.00,0.69404,0.69404,ENTRY,ENTRY,0.00,0.00,0.0000,0.00,330.9600,0
2026-01-27T13:15:00.000000000Z,2026-01-27T15:10:00.000000000Z,SHORT,21000.00,21000.00,0.69404,0.69691,EXIT,SL,-28.70,-28.70,-60.2700,-27.60,270.6900,6
2026-01-27T17:15:00.000000000Z,2026-01-27T17:15:00.000000000Z,SHORT,21000.00,0.00,0.69710,0.69710,ENTRY,ENTRY,0.00,0.00,0.0000,0.00,270.6900,0
2026-01-27T17:15:00.000000000Z,2026-01-27T20:48:00.000000000Z,SHORT,21000.00,21000.00,0.69710,0.69997,EXIT,SL,-28.70,-28.70,-60.2700,-42.40,210.4200,13
2026-01-28T02:45:00.000000000Z,2026-01-28T02:45:00.000000000Z,LONG,21000.00,0.00,0.69939,0.69939,ENTRY,ENTRY,0.00,0.00,0.0000,0.00,210.4200,0
2026-01-28T02:45:00.000000000Z,2026-01-28T06:45:00.000000000Z,LONG,21000.00,21000.00,0.69939,0.69991,EXIT,FLIP,5.20,5.20,10.9200,-8.80,221.3400,16
2026-01-28T06:45:00.000000000Z,2026-01-28T06:45:00.000000000Z,SHORT,21000.00,0.00,0.69991,0.69991,ENTRY,FLIP_ENTRY,0.00,0.00,0.0000,0.00,221.3400,0
2026-01-28T06:45:00.000000000Z,2026-01-28T12:15:00.000000000Z,SHORT,21000.00,21000.00,0.69991,0.70065,EXIT,FLIP,-7.40,-7.40,-15.5400,-20.90,205.8000,22
2026-01-28T12:15:00.000000000Z,2026-01-28T12:15:00.000000000Z,LONG,21000.00,0.00,0.70065,0.70065,ENTRY,FLIP_ENTRY,0.00,0.00,0.0000,0.00,205.8000,0
2026-01-28T12:15:00.000000000Z,2026-01-28T15:14:00.000000000Z,LONG,21000.00,21000.00,0.70065,0.69778,EXIT,SL,-28.70,-28.70,-60.2700,-27.40,145.5300,10
2026-01-28T17:45:00.000000000Z,2026-01-28T17:45:00.000000000Z,LONG,21000.00,0.00,0.70012,0.70012,ENTRY,ENTRY,0.00,0.00,0.0000,0.00,145.5300,0
2026-01-28T17:45:00.000000000Z,2026-01-28T19:15:00.000000000Z,LONG,21000.00,21000.00,0.70012,0.69877,EXIT,FLIP,-13.50,-13.50,-28.3500,-22.20,117.1800,6
2026-01-28T19:15:00.000000000Z,2026-01-28T19:15:00.000000000Z,SHORT,21000.00,0.00,0.69877,0.69877,ENTRY,FLIP_ENTRY,0.00,0.00,0.0000,0.00,117.1800,0
2026-01-28T19:15:00.000000000Z,2026-01-28T20:03:00.000000000Z,SHORT,21000.00,21000.00,0.69877,0.70164,EXIT,SL,-28.70,-28.70,-60.2700,-28.30,56.9100,2
2026-01-29T02:15:00.000000000Z,2026-01-29T02:15:00.000000000Z,LONG,21000.00,0.00,0.70407,0.70407,ENTRY,ENTRY,0.00,0.00,0.0000,0.00,56.9100,0
2026-01-29T02:15:00.000000000Z,2026-01-29T03:11:00.000000000Z,LONG,21000.00,6300.00,0.70407,0.70600,TP1,TP1,19.30,5.79,12.1590,-4.70,69.0690,2
2026-01-29T02:15:00.000000000Z,2026-01-29T03:11:00.000000000Z,LONG,21000.00,14700.00,0.70407,0.70620,RUNNER,RUNNER_STOP,21.30,14.91,31.3110,-4.70,100.3800,2
2026-01-29T06:00:00.000000000Z,2026-01-29T06:00:00.000000000Z,SHORT,21000.00,0.00,0.70803,0.70803,ENTRY,ENTRY,0.00,0.00,0.0000,0.00,100.3800,0
2026-01-29T06:00:00.000000000Z,2026-01-29T08:48:00.000000000Z,SHORT,21000.00,6300.00,0.70803,0.70610,TP1,TP1,19.30,5.79,12.1590,-8.50,112.5390,10
2026-01-29T06:00:00.000000000Z,2026-01-29T08:48:00.000000000Z,SHORT,21000.00,14700.00,0.70803,0.70590,RUNNER,RUNNER_STOP,21.30,14.91,31.3110,-8.50,143.8500,10
2026-01-29T12:00:00.000000000Z,2026-01-29T12:00:00.000000000Z,LONG,21000.00,0.00,0.70446,0.70446,ENTRY,ENTRY,0.00,0.00,0.0000,0.00,143.8500,0
2026-01-29T12:00:00.000000000Z,2026-01-29T13:05:00.000000000Z,LONG,21000.00,6300.00,0.70446,0.70639,TP1,TP1,19.30,5.79,12.1590,-1.60,156.0090,3
2026-01-29T12:00:00.000000000Z,2026-01-29T13:05:00.000000000Z,LONG,21000.00,14700.00,0.70446,0.70659,RUNNER,RUNNER_STOP,21.30,14.91,31.3110,-1.60,187.3200,3
2026-01-29T14:45:00.000000000Z,2026-01-29T14:45:00.000000000Z,SHORT,21000.00,0.00,0.70595,0.70595,ENTRY,ENTRY,0.00,0.00,0.0000,0.00,187.3200,0
2026-01-29T14:45:00.000000000Z,2026-01-29T15:04:00.000000000Z,SHORT,21000.00,6300.00,0.70595,0.70402,TP1,TP1,19.30,5.79,12.1590,-2.00,199.4790,0
2026-01-29T14:45:00.000000000Z,2026-01-29T15:04:00.000000000Z,SHORT,21000.00,14700.00,0.70595,0.70382,RUNNER,RUNNER_STOP,21.30,14.91,31.3110,-2.00,230.7900,0
2026-01-29T16:30:00.000000000Z,2026-01-29T16:30:00.000000000Z,LONG,21000.00,0.00,0.70108,0.70108,ENTRY,ENTRY,0.00,0.00,0.0000,0.00,230.7900,0
2026-01-29T16:30:00.000000000Z,2026-01-29T17:23:00.000000000Z,LONG,21000.00,6300.00,0.70108,0.70301,TP1,TP1,19.30,5.79,12.1590,-4.00,242.9490,2
2026-01-29T16:30:00.000000000Z,2026-01-29T17:23:00.000000000Z,LONG,21000.00,14700.00,0.70108,0.70321,RUNNER,RUNNER_STOP,21.30,14.91,31.3110,-4.00,274.2600,2
2026-01-30T03:15:00.000000000Z,2026-01-30T03:15:00.000000000Z,LONG,21000.00,0.00,0.70040,0.70040,ENTRY,ENTRY,0.00,0.00,0.0000,0.00,274.2600,0
2026-01-30T03:15:00.000000000Z,2026-01-30T09:15:00.000000000Z,LONG,21000.00,21000.00,0.70040,0.69889,EXIT,FLIP,-15.10,-15.10,-31.7100,-22.00,242.5500,24
2026-01-30T09:15:00.000000000Z,2026-01-30T09:15:00.000000000Z,SHORT,21000.00,0.00,0.69889,0.69889,ENTRY,FLIP_ENTRY,0.00,0.00,0.0000,0.00,242.5500,0
2026-01-30T09:15:00.000000000Z,2026-01-30T09:55:00.000000000Z,SHORT,21000.00,6300.00,0.69889,0.69696,TP1,TP1,19.30,5.79,12.1590,-6.20,254.7090,1
2026-01-30T09:15:00.000000000Z,2026-01-30T09:55:00.000000000Z,SHORT,21000.00,14700.00,0.69889,0.69676,RUNNER,RUNNER_STOP,21.30,14.91,31.3110,-6.20,286.0200,1
2026-01-30T12:30:00.000000000Z,2026-01-30T12:30:00.000000000Z,SHORT,21000.00,0.00,0.70097,0.70097,ENTRY,ENTRY,0.00,0.00,0.0000,0.00,286.0200,0
2026-01-30T12:30:00.000000000Z,2026-01-30T13:51:00.000000000Z,SHORT,21000.00,6300.00,0.70097,0.69904,TP1,TP1,19.30,5.79,12.1590,-10.00,298.1790,4
2026-01-30T12:30:00.000000000Z,2026-01-30T13:51:00.000000000Z,SHORT,21000.00,14700.00,0.70097,0.69884,RUNNER,RUNNER_STOP,21.30,14.91,31.3110,-10.00,329.4900,4
2026-01-30T15:30:00.000000000Z,2026-01-30T15:30:00.000000000Z,LONG,21000.00,0.00,0.70241,0.70241,ENTRY,ENTRY,0.00,0.00,0.0000,0.00,329.4900,0
2026-01-30T15:30:00.000000000Z,2026-01-30T16:03:00.000000000Z,LONG,21000.00,21000.00,0.70241,0.69954,EXIT,SL,-28.70,-28.70,-60.2700,-28.30,269.2200,1
2026-01-30T18:45:00.000000000Z,2026-01-30T18:45:00.000000000Z,LONG,21000.00,0.00,0.69789,0.69789,ENTRY,ENTRY,0.00,0.00,0.0000,0.00,269.2200,0
2026-01-30T18:45:00.000000000Z,2026-02-01T22:15:00.000000000Z,LONG,21000.00,21000.00,0.69789,0.69502,EXIT,SL,-28.70,-28.70,-60.2700,-27.90,208.9500,13
2026-02-01T23:30:00.000000000Z,2026-02-01T23:30:00.000000000Z,LONG,21000.00,0.00,0.69503,0.69503,ENTRY,ENTRY,0.00,0.00,0.0000,0.00,208.9500,0
2026-02-01T23:30:00.000000000Z,2026-02-02T02:15:00.000000000Z,LONG,21000.00,21000.00,0.69503,0.69575,EXIT,FLIP,7.20,7.20,15.1200,-8.90,224.0700,11
2026-02-02T02:15:00.000000000Z,2026-02-02T02:15:00.000000000Z,SHORT,21000.00,0.00,0.69575,0.69575,ENTRY,FLIP_ENTRY,0.00,0.00,0.0000,0.00,224.0700,0
2026-02-02T02:15:00.000000000Z,2026-02-02T04:01:00.000000000Z,SHORT,21000.00,6300.00,0.69575,0.69382,TP1,TP1,19.30,5.79,12.1590,-9.10,236.2290,6
2026-02-02T02:15:00.000000000Z,2026-02-02T04:01:00.000000000Z,SHORT,21000.00,14700.00,0.69575,0.69362,RUNNER,RUNNER_STOP,21.30,14.91,31.3110,-9.10,267.5400,6
2026-02-02T07:00:00.000000000Z,2026-02-02T07:00:00.000000000Z,LONG,21000.00,0.00,0.69275,0.69275,ENTRY,ENTRY,0.00,0.00,0.0000,0.00,267.5400,0
2026-02-02T07:00:00.000000000Z,2026-02-02T08:09:00.000000000Z,LONG,21000.00,6300.00,0.69275,0.69468,TP1,TP1,19.30,5.79,12.1590,-0.70,279.6990,3
2026-02-02T07:00:00.000000000Z,2026-02-02T08:09:00.000000000Z,LONG,21000.00,14700.00,0.69275,0.69488,RUNNER,RUNNER_STOP,21.30,14.91,31.3110,-0.70,311.0100,3
2026-02-02T10:30:00.000000000Z,2026-02-02T10:30:00.000000000Z,SHORT,21000.00,0.00,0.69496,0.69496,ENTRY,ENTRY,0.00,0.00,0.0000,0.00,311.0100,0
2026-02-02T10:30:00.000000000Z,2026-02-02T14:30:00.000000000Z,SHORT,21000.00,21000.00,0.69496,0.69621,EXIT,FLIP,-12.50,-12.50,-26.2500,-21.10,284.7600,16
2026-02-02T14:30:00.000000000Z,2026-02-02T14:30:00.000000000Z,LONG,21000.00,0.00,0.69621,0.69621,ENTRY,FLIP_ENTRY,0.00,0.00,0.0000,0.00,284.7600,0
2026-02-02T14:30:00.000000000Z,2026-02-03T02:00:00.000000000Z,LONG,21000.00,21000.00,0.69621,0.69693,EXIT,FLIP,7.20,7.20,15.1200,-26.40,299.8800,46
2026-02-03T02:00:00.000000000Z,2026-02-03T02:00:00.000000000Z,SHORT,21000.00,0.00,0.69693,0.69693,ENTRY,FLIP_ENTRY,0.00,0.00,0.0000,0.00,299.8800,0
2026-02-03T02:00:00.000000000Z,2026-02-03T03:33:00.000000000Z,SHORT,21000.00,21000.00,0.69693,0.69980,EXIT,SL,-28.70,-28.70,-60.2700,-31.90,239.6100,5
2026-02-03T05:00:00.000000000Z,2026-02-03T05:00:00.000000000Z,SHORT,21000.00,0.00,0.70049,0.70049,ENTRY,ENTRY,0.00,0.00,0.0000,0.00,239.6100,0
2026-02-03T05:00:00.000000000Z,2026-02-03T07:32:00.000000000Z,SHORT,21000.00,21000.00,0.70049,0.70336,EXIT,SL,-28.70,-28.70,-60.2700,-30.60,179.3400,9
2026-02-03T08:45:00.000000000Z,2026-02-03T08:45:00.000000000Z,SHORT,21000.00,0.00,0.70293,0.70293,ENTRY,ENTRY,0.00,0.00,0.0000,0.00,179.3400,0
2026-02-03T08:45:00.000000000Z,2026-02-03T09:25:00.000000000Z,SHORT,21000.00,6300.00,0.70293,0.70100,TP1,TP1,19.30,5.79,12.1590,-3.00,191.4990,1
2026-02-03T08:45:00.000000000Z,2026-02-03T09:25:00.000000000Z,SHORT,21000.00,14700.00,0.70293,0.70080,RUNNER,RUNNER_STOP,21.30,14.91,31.3110,-3.00,222.8100,1
2026-02-03T17:15:00.000000000Z,2026-02-03T17:15:00.000000000Z,SHORT,21000.00,0.00,0.70141,0.70141,ENTRY,ENTRY,0.00,0.00,0.0000,0.00,222.8100,0
2026-02-03T17:15:00.000000000Z,2026-02-03T19:05:00.000000000Z,SHORT,21000.00,6300.00,0.70141,0.69948,TP1,TP1,19.30,5.79,12.1590,-5.20,234.9690,6
2026-02-03T17:15:00.000000000Z,2026-02-03T19:05:00.000000000Z,SHORT,21000.00,14700.00,0.70141,0.69928,RUNNER,RUNNER_STOP,21.30,14.91,31.3110,-5.20,266.2800,6
2026-02-04T01:00:00.000000000Z,2026-02-04T01:00:00.000000000Z,LONG,21000.00,0.00,0.70259,0.70259,ENTRY,ENTRY,0.00,0.00,0.0000,0.00,266.2800,0
2026-02-04T01:00:00.000000000Z,2026-02-04T02:15:00.000000000Z,LONG,21000.00,21000.00,0.70259,0.70221,EXIT,FLIP,-3.80,-3.80,-7.9800,-4.90,258.3000,5
2026-02-04T02:15:00.000000000Z,2026-02-04T02:15:00.000000000Z,SHORT,21000.00,0.00,0.70221,0.70221,ENTRY,FLIP_ENTRY,0.00,0.00,0.0000,0.00,258.3000,0
2026-02-04T02:15:00.000000000Z,2026-02-04T04:00:00.000000000Z,SHORT,21000.00,21000.00,0.70221,0.70241,EXIT,FLIP,-2.00,-2.00,-4.2000,-3.30,254.1000,7
2026-02-04T04:00:00.000000000Z,2026-02-04T04:00:00.000000000Z,LONG,21000.00,0.00,0.70241,0.70241,ENTRY,FLIP_ENTRY,0.00,0.00,0.0000,0.00,254.1000,0
2026-02-04T04:00:00.000000000Z,2026-02-04T07:15:00.000000000Z,LONG,21000.00,21000.00,0.70241,0.70279,EXIT,FLIP,3.80,3.80,7.9800,-4.90,262.0800,13
2026-02-04T07:15:00.000000000Z,2026-02-04T07:15:00.000000000Z,SHORT,21000.00,0.00,0.70279,0.70279,ENTRY,FLIP_ENTRY,0.00,0.00,0.0000,0.00,262.0800,0
2026-02-04T07:15:00.000000000Z,2026-02-04T11:45:00.000000000Z,SHORT,21000.00,21000.00,0.70279,0.70219,EXIT,FLIP,6.00,6.00,12.6000,-15.20,274.6800,18
2026-02-04T11:45:00.000000000Z,2026-02-04T11:45:00.000000000Z,LONG,21000.00,0.00,0.70219,0.70219,ENTRY,FLIP_ENTRY,0.00,0.00,0.0000,0.00,274.6800,0
2026-02-04T11:45:00.000000000Z,2026-02-04T14:30:00.000000000Z,LONG,21000.00,21000.00,0.70219,0.70209,EXIT,FLIP,-1.00,-1.00,-2.1000,-5.30,272.5800,11
2026-02-04T14:30:00.000000000Z,2026-02-04T14:30:00.000000000Z,SHORT,21000.00,0.00,0.70209,0.70209,ENTRY,FLIP_ENTRY,0.00,0.00,0.0000,0.00,272.5800,0
2026-02-04T14:30:00.000000000Z,2026-02-04T15:34:00.000000000Z,SHORT,21000.00,6300.00,0.70209,0.70016,TP1,TP1,19.30,5.79,12.1590,-4.70,284.7390,3
2026-02-04T14:30:00.000000000Z,2026-02-04T15:34:00.000000000Z,SHORT,21000.00,14700.00,0.70209,0.69996,RUNNER,RUNNER_STOP,21.30,14.91,31.3110,-4.70,316.0500,3
2026-02-04T17:00:00.000000000Z,2026-02-04T17:00:00.000000000Z,LONG,21000.00,0.00,0.70023,0.70023,ENTRY,ENTRY,0.00,0.00,0.0000,0.00,316.0500,0
2026-02-04T17:00:00.000000000Z,2026-02-04T17:40:00.000000000Z,LONG,21000.00,21000.00,0.70023,0.69736,EXIT,SL,-28.70,-28.70,-60.2700,-29.90,255.7800,1
2026-02-05T01:15:00.000000000Z,2026-02-05T01:15:00.000000000Z,SHORT,21000.00,0.00,0.69973,0.69973,ENTRY,ENTRY,0.00,0.00,0.0000,0.00,255.7800,0
2026-02-05T01:15:00.000000000Z,2026-02-05T02:14:00.000000000Z,SHORT,21000.00,6300.00,0.69973,0.69780,TP1,TP1,19.30,5.79,12.1590,-5.30,267.9390,2
2026-02-05T01:15:00.000000000Z,2026-02-05T02:14:00.000000000Z,SHORT,21000.00,14700.00,0.69973,0.69760,RUNNER,RUNNER_STOP,21.30,14.91,31.3110,-5.30,299.2500,2
2026-02-05T07:30:00.000000000Z,2026-02-05T07:30:00.000000000Z,SHORT,21000.00,0.00,0.69744,0.69744,ENTRY,ENTRY,0.00,0.00,0.0000,0.00,299.2500,0
2026-02-05T07:30:00.000000000Z,2026-02-05T14:30:00.000000000Z,SHORT,21000.00,21000.00,0.69744,0.69787,EXIT,FLIP,-4.30,-4.30,-9.0300,-16.40,290.2200,28
2026-02-05T14:30:00.000000000Z,2026-02-05T14:30:00.000000000Z,LONG,21000.00,0.00,0.69787,0.69787,ENTRY,FLIP_ENTRY,0.00,0.00,0.0000,0.00,290.2200,0
2026-02-05T14:30:00.000000000Z,2026-02-05T15:26:00.000000000Z,LONG,21000.00,21000.00,0.69787,0.69500,EXIT,SL,-28.70,-28.70,-60.2700,-29.70,229.9500,2
2026-02-05T16:15:00.000000000Z,2026-02-05T16:15:00.000000000Z,LONG,21000.00,0.00,0.69671,0.69671,ENTRY,ENTRY,0.00,0.00,0.0000,0.00,229.9500,0
2026-02-05T16:15:00.000000000Z,2026-02-05T21:07:00.000000000Z,LONG,21000.00,21000.00,0.69671,0.69384,EXIT,SL,-28.70,-28.70,-60.2700,-27.90,169.6800,18
2026-02-06T00:30:00.000000000Z,2026-02-06T00:30:00.000000000Z,LONG,21000.00,0.00,0.69202,0.69202,ENTRY,ENTRY,0.00,0.00,0.0000,0.00,169.6800,0
2026-02-06T00:30:00.000000000Z,2026-02-06T02:01:00.000000000Z,LONG,21000.00,6300.00,0.69202,0.69395,TP1,TP1,19.30,5.79,12.1590,-9.50,181.8390,5
2026-02-06T00:30:00.000000000Z,2026-02-06T02:01:00.000000000Z,LONG,21000.00,14700.00,0.69202,0.69415,RUNNER,RUNNER_STOP,21.30,14.91,31.3110,-9.50,213.1500,5
2026-02-06T02:45:00.000000000Z,2026-02-06T02:45:00.000000000Z,SHORT,21000.00,0.00,0.69371,0.69371,ENTRY,ENTRY,0.00,0.00,0.0000,0.00,213.1500,0
2026-02-06T02:45:00.000000000Z,2026-02-06T08:20:00.000000000Z,SHORT,21000.00,21000.00,0.69371,0.69658,EXIT,SL,-28.70,-28.70,-60.2700,-28.70,152.8800,21
2026-02-06T12:30:00.000000000Z,2026-02-06T12:30:00.000000000Z,SHORT,21000.00,0.00,0.69805,0.69805,ENTRY,ENTRY,0.00,0.00,0.0000,0.00,152.8800,0
2026-02-06T12:30:00.000000000Z,2026-02-06T14:37:00.000000000Z,SHORT,21000.00,21000.00,0.69805,0.70092,EXIT,SL,-28.70,-28.70,-60.2700,-27.30,92.6100,7
2026-02-06T15:45:00.000000000Z,2026-02-06T15:45:00.000000000Z,SHORT,21000.00,0.00,0.70054,0.70054,ENTRY,ENTRY,0.00,0.00,0.0000,0.00,92.6100,0
2026-02-06T15:45:00.000000000Z,2026-02-06T20:15:00.000000000Z,SHORT,21000.00,21000.00,0.70054,0.70191,EXIT,FLIP,-13.70,-13.70,-28.7700,-19.60,63.8400,18
2026-02-06T20:15:00.000000000Z,2026-02-06T20:15:00.000000000Z,LONG,21000.00,0.00,0.70191,0.70191,ENTRY,FLIP_ENTRY,0.00,0.00,0.0000,0.00,63.8400,0
2026-02-06T20:15:00.000000000Z,2026-02-09T00:30:00.000000000Z,LONG,21000.00,21000.00,0.70191,0.70263,EXIT,FLIP,7.20,7.20,15.1200,-9.00,78.9600,17
2026-02-09T00:30:00.000000000Z,2026-02-09T00:30:00.000000000Z,SHORT,21000.00,0.00,0.70263,0.70263,ENTRY,FLIP_ENTRY,0.00,0.00,0.0000,0.00,78.9600,0
2026-02-09T00:30:00.000000000Z,2026-02-09T05:00:00.000000000Z,SHORT,21000.00,21000.00,0.70263,0.70267,EXIT,FLIP,-0.40,-0.40,-0.8400,-7.20,78.1200,18
2026-02-09T05:00:00.000000000Z,2026-02-09T05:00:00.000000000Z,LONG,21000.00,0.00,0.70267,0.70267,ENTRY,FLIP_ENTRY,0.00,0.00,0.0000,0.00,78.1200,0
2026-02-09T05:00:00.000000000Z,2026-02-09T07:15:00.000000000Z,LONG,21000.00,21000.00,0.70267,0.70321,EXIT,FLIP,5.40,5.40,11.3400,-3.10,89.4600,9
2026-02-09T07:15:00.000000000Z,2026-02-09T07:15:00.000000000Z,SHORT,21000.00,0.00,0.70321,0.70321,ENTRY,FLIP_ENTRY,0.00,0.00,0.0000,0.00,89.4600,0
2026-02-09T07:15:00.000000000Z,2026-02-09T11:30:00.000000000Z,SHORT,21000.00,21000.00,0.70321,0.70323,EXIT,FLIP,-0.20,-0.20,-0.4200,-13.30,89.0400,17
2026-02-09T11:30:00.000000000Z,2026-02-09T11:30:00.000000000Z,LONG,21000.00,0.00,0.70323,0.70323,ENTRY,FLIP_ENTRY,0.00,0.00,0.0000,0.00,89.0400,0
2026-02-09T11:30:00.000000000Z,2026-02-09T13:05:00.000000000Z,LONG,21000.00,6300.00,0.70323,0.70516,TP1,TP1,19.30,5.79,12.1590,-2.30,101.1990,5
2026-02-09T11:30:00.000000000Z,2026-02-09T13:05:00.000000000Z,LONG,21000.00,14700.00,0.70323,0.70536,RUNNER,RUNNER_STOP,21.30,14.91,31.3110,-2.30,132.5100,5
2026-02-09T16:15:00.000000000Z,2026-02-09T16:15:00.000000000Z,SHORT,21000.00,0.00,0.70837,0.70837,ENTRY,ENTRY,0.00,0.00,0.0000,0.00,132.5100,0
2026-02-09T16:15:00.000000000Z,2026-02-10T01:30:00.000000000Z,SHORT,21000.00,21000.00,0.70837,0.70835,EXIT,FLIP,0.20,0.20,0.4200,-15.20,132.9300,37
2026-02-10T01:30:00.000000000Z,2026-02-10T01:30:00.000000000Z,LONG,21000.00,0.00,0.70835,0.70835,ENTRY,FLIP_ENTRY,0.00,0.00,0.0000,0.00,132.9300,0
2026-02-10T01:30:00.000000000Z,2026-02-10T09:45:00.000000000Z,LONG,21000.00,21000.00,0.70835,0.70735,EXIT,FLIP,-10.00,-10.00,-21.0000,-18.90,111.9300,33
2026-02-10T09:45:00.000000000Z,2026-02-10T09:45:00.000000000Z,SHORT,21000.00,0.00,0.70735,0.70735,ENTRY,FLIP_ENTRY,0.00,0.00,0.0000,0.00,111.9300,0
2026-02-10T09:45:00.000000000Z,2026-02-10T13:45:00.000000000Z,SHORT,21000.00,21000.00,0.70735,0.70755,EXIT,FLIP,-2.00,-2.00,-4.2000,-6.10,107.7300,16
2026-02-10T13:45:00.000000000Z,2026-02-10T13:45:00.000000000Z,LONG,21000.00,0.00,0.70755,0.70755,ENTRY,FLIP_ENTRY,0.00,0.00,0.0000,0.00,107.7300,0
2026-02-10T13:45:00.000000000Z,2026-02-10T15:00:00.000000000Z,LONG,21000.00,21000.00,0.70755,0.70772,EXIT,FLIP,1.70,1.70,3.5700,-6.90,111.3000,5
2026-02-10T15:00:00.000000000Z,2026-02-10T15:00:00.000000000Z,SHORT,21000.00,0.00,0.70772,0.70772,ENTRY,FLIP_ENTRY,0.00,0.00,0.0000,0.00,111.3000,0
2026-02-10T15:00:00.000000000Z,2026-02-10T19:00:00.000000000Z,SHORT,21000.00,21000.00,0.70772,0.70729,EXIT,FLIP,4.30,4.30,9.0300,-11.40,120.3300,16
2026-02-10T19:00:00.000000000Z,2026-02-10T19:00:00.000000000Z,LONG,21000.00,0.00,0.70729,0.70729,ENTRY,FLIP_ENTRY,0.00,0.00,0.0000,0.00,120.3300,0
2026-02-10T19:00:00.000000000Z,2026-02-11T01:43:00.000000000Z,LONG,21000.00,6300.00,0.70729,0.70922,TP1,TP1,19.30,5.79,12.1590,-3.90,132.4890,25
2026-02-10T19:00:00.000000000Z,2026-02-11T01:43:00.000000000Z,LONG,21000.00,14700.00,0.70729,0.70942,RUNNER,RUNNER_STOP,21.30,14.91,31.3110,-3.90,163.8000,25
2026-02-11T07:45:00.000000000Z,2026-02-11T07:45:00.000000000Z,LONG,21000.00,0.00,0.71087,0.71087,ENTRY,ENTRY,0.00,0.00,0.0000,0.00,163.8000,0
2026-02-11T07:45:00.000000000Z,2026-02-11T11:30:00.000000000Z,LONG,21000.00,21000.00,0.71087,0.71136,EXIT,FLIP,4.90,4.90,10.2900,-10.10,174.0900,15
2026-02-11T11:30:00.000000000Z,2026-02-11T11:30:00.000000000Z,SHORT,21000.00,0.00,0.71136,0.71136,ENTRY,FLIP_ENTRY,0.00,0.00,0.0000,0.00,174.0900,0
2026-02-11T11:30:00.000000000Z,2026-02-11T13:30:00.000000000Z,SHORT,21000.00,6300.00,0.71136,0.70943,TP1,TP1,19.30,5.79,12.1590,-3.40,186.2490,7
2026-02-11T11:30:00.000000000Z,2026-02-11T13:30:00.000000000Z,SHORT,21000.00,14700.00,0.71136,0.70923,RUNNER,RUNNER_STOP,21.30,14.91,31.3110,-3.40,217.5600,7
2026-02-11T13:45:00.000000000Z,2026-02-11T13:45:00.000000000Z,LONG,21000.00,0.00,0.71157,0.71157,ENTRY,ENTRY,0.00,0.00,0.0000,0.00,217.5600,0
2026-02-11T13:45:00.000000000Z,2026-02-11T14:18:00.000000000Z,LONG,21000.00,6300.00,0.71157,0.71350,TP1,TP1,19.30,5.79,12.1590,-4.00,229.7190,1
2026-02-11T13:45:00.000000000Z,2026-02-11T14:18:00.000000000Z,LONG,21000.00,14700.00,0.71157,0.71370,RUNNER,RUNNER_STOP,21.30,14.91,31.3110,-4.00,261.0300,1
2026-02-11T18:45:00.000000000Z,2026-02-11T18:45:00.000000000Z,SHORT,21000.00,0.00,0.71329,0.71329,ENTRY,ENTRY,0.00,0.00,0.0000,0.00,261.0300,0
2026-02-11T18:45:00.000000000Z,2026-02-12T00:15:00.000000000Z,SHORT,21000.00,21000.00,0.71329,0.71305,EXIT,FLIP,2.40,2.40,5.0400,-5.60,266.0700,22
2026-02-12T00:15:00.000000000Z,2026-02-12T00:15:00.000000000Z,LONG,21000.00,0.00,0.71305,0.71305,ENTRY,FLIP_ENTRY,0.00,0.00,0.0000,0.00,266.0700,0
2026-02-12T00:15:00.000000000Z,2026-02-12T02:15:00.000000000Z,LONG,21000.00,21000.00,0.71305,0.71329,EXIT,FLIP,2.40,2.40,5.0400,-1.10,271.1100,8
2026-02-12T02:15:00.000000000Z,2026-02-12T02:15:00.000000000Z,SHORT,21000.00,0.00,0.71329,0.71329,ENTRY,FLIP_ENTRY,0.00,0.00,0.0000,0.00,271.1100,0
2026-02-12T02:15:00.000000000Z,2026-02-12T04:50:00.000000000Z,SHORT,21000.00,6300.00,0.71329,0.71136,TP1,TP1,19.30,5.79,12.1590,-7.70,283.2690,9
2026-02-12T02:15:00.000000000Z,2026-02-12T04:50:00.000000000Z,SHORT,21000.00,14700.00,0.71329,0.71116,RUNNER,RUNNER_STOP,21.30,14.91,31.3110,-7.70,314.5800,9
2026-02-12T05:45:00.000000000Z,2026-02-12T05:45:00.000000000Z,LONG,21000.00,0.00,0.71258,0.71258,ENTRY,ENTRY,0.00,0.00,0.0000,0.00,314.5800,0
2026-02-12T05:45:00.000000000Z,2026-02-12T12:15:00.000000000Z,LONG,21000.00,21000.00,0.71258,0.71269,EXIT,FLIP,1.10,1.10,2.3100,-20.80,316.8900,26
2026-02-12T12:15:00.000000000Z,2026-02-12T12:15:00.000000000Z,SHORT,21000.00,0.00,0.71269,0.71269,ENTRY,FLIP_ENTRY,0.00,0.00,0.0000,0.00,316.8900,0
2026-02-12T12:15:00.000000000Z,2026-02-12T16:13:00.000000000Z,SHORT,21000.00,6300.00,0.71269,0.71076,TP1,TP1,19.30,5.79,12.1590,-18.00,329.0490,14
2026-02-12T12:15:00.000000000Z,2026-02-12T16:13:00.000000000Z,SHORT,21000.00,14700.00,0.71269,0.71056,RUNNER,RUNNER_STOP,21.30,14.91,31.3110,-18.00,360.3600,14
2026-02-12T17:45:00.000000000Z,2026-02-12T17:45:00.000000000Z,SHORT,21000.00,0.00,0.70856,0.70856,ENTRY,ENTRY,0.00,0.00,0.0000,0.00,360.3600,0
2026-02-12T17:45:00.000000000Z,2026-02-12T18:45:00.000000000Z,SHORT,21000.00,21000.00,0.70856,0.70913,EXIT,FLIP,-5.70,-5.70,-11.9700,-7.80,348.3900,4
2026-02-12T18:45:00.000000000Z,2026-02-12T18:45:00.000000000Z,LONG,21000.00,0.00,0.70913,0.70913,ENTRY,FLIP_ENTRY,0.00,0.00,0.0000,0.00,348.3900,0
2026-02-12T18:45:00.000000000Z,2026-02-12T23:30:00.000000000Z,LONG,21000.00,21000.00,0.70913,0.70853,EXIT,FLIP,-6.00,-6.00,-12.6000,-6.90,335.7900,19
2026-02-12T23:30:00.000000000Z,2026-02-12T23:30:00.000000000Z,SHORT,21000.00,0.00,0.70853,0.70853,ENTRY,FLIP_ENTRY,0.00,0.00,0.0000,0.00,335.7900,0
2026-02-12T23:30:00.000000000Z,2026-02-13T02:45:00.000000000Z,SHORT,21000.00,21000.00,0.70853,0.70907,EXIT,FLIP,-5.40,-5.40,-11.3400,-12.10,324.4500,13
2026-02-13T02:45:00.000000000Z,2026-02-13T02:45:00.000000000Z,LONG,21000.00,0.00,0.70907,0.70907,ENTRY,FLIP_ENTRY,0.00,0.00,0.0000,0.00,324.4500,0
2026-02-13T02:45:00.000000000Z,2026-02-13T03:45:00.000000000Z,LONG,21000.00,21000.00,0.70907,0.70831,EXIT,FLIP,-7.60,-7.60,-15.9600,-9.30,308.4900,4
2026-02-13T03:45:00.000000000Z,2026-02-13T03:45:00.000000000Z,SHORT,21000.00,0.00,0.70831,0.70831,ENTRY,FLIP_ENTRY,0.00,0.00,0.0000,0.00,308.4900,0
2026-02-13T03:45:00.000000000Z,2026-02-13T06:28:00.000000000Z,SHORT,21000.00,6300.00,0.70831,0.70638,TP1,TP1,19.30,5.79,12.1590,-8.70,320.6490,9
2026-02-13T03:45:00.000000000Z,2026-02-13T06:28:00.000000000Z,SHORT,21000.00,14700.00,0.70831,0.70618,RUNNER,RUNNER_STOP,21.30,14.91,31.3110,-8.70,351.9600,9
2026-02-13T07:45:00.000000000Z,2026-02-13T07:45:00.000000000Z,LONG,21000.00,0.00,0.70611,0.70611,ENTRY,ENTRY,0.00,0.00,0.0000,0.00,351.9600,0
2026-02-13T07:45:00.000000000Z,2026-02-13T10:00:00.000000000Z,LONG,21000.00,21000.00,0.70611,0.70673,EXIT,FLIP,6.20,6.20,13.0200,-0.90,364.9800,9
2026-02-13T10:00:00.000000000Z,2026-02-13T10:00:00.000000000Z,SHORT,21000.00,0.00,0.70673,0.70673,ENTRY,FLIP_ENTRY,0.00,0.00,0.0000,0.00,364.9800,0
2026-02-13T10:00:00.000000000Z,2026-02-13T11:52:00.000000000Z,SHORT,21000.00,6300.00,0.70673,0.70480,TP1,TP1,19.30,5.79,12.1590,-3.30,377.1390,6
2026-02-13T10:00:00.000000000Z,2026-02-13T11:52:00.000000000Z,SHORT,21000.00,14700.00,0.70673,0.70460,RUNNER,RUNNER_STOP,21.30,14.91,31.3110,-3.30,408.4500,6
2026-02-13T12:45:00.000000000Z,2026-02-13T12:45:00.000000000Z,LONG,21000.00,0.00,0.70541,0.70541,ENTRY,ENTRY,0.00,0.00,0.0000,0.00,408.4500,0
2026-02-13T12:45:00.000000000Z,2026-02-13T13:30:00.000000000Z,LONG,21000.00,6300.00,0.70541,0.70734,TP1,TP1,19.30,5.79,12.1590,-7.50,420.6090,2
2026-02-13T12:45:00.000000000Z,2026-02-13T13:30:00.000000000Z,LONG,21000.00,14700.00,0.70541,0.70754,RUNNER,RUNNER_STOP,21.30,14.91,31.3110,-7.50,451.9200,2
2026-02-13T15:45:00.000000000Z,2026-02-13T15:45:00.000000000Z,SHORT,21000.00,0.00,0.70601,0.70601,ENTRY,ENTRY,0.00,0.00,0.0000,0.00,451.9200,0
2026-02-13T15:45:00.000000000Z,2026-02-16T04:03:00.000000000Z,SHORT,21000.00,21000.00,0.70601,0.70888,EXIT,SL,-28.70,-28.70,-60.2700,-27.80,391.6500,48
2026-02-16T07:00:00.000000000Z,2026-02-16T07:00:00.000000000Z,SHORT,21000.00,0.00,0.70847,0.70847,ENTRY,ENTRY,0.00,0.00,0.0000,0.00,391.6500,0
2026-02-16T07:00:00.000000000Z,2026-02-16T12:00:00.000000000Z,SHORT,21000.00,21000.00,0.70847,0.70857,EXIT,FLIP,-1.00,-1.00,-2.1000,-12.00,389.5500,20
2026-02-16T12:00:00.000000000Z,2026-02-16T12:00:00.000000000Z,LONG,21000.00,0.00,0.70857,0.70857,ENTRY,FLIP_ENTRY,0.00,0.00,0.0000,0.00,389.5500,0
2026-02-16T12:00:00.000000000Z,2026-02-16T20:30:00.000000000Z,LONG,21000.00,21000.00,0.70857,0.70748,EXIT,FLIP,-10.90,-10.90,-22.8900,-18.50,366.6600,34
2026-02-16T20:30:00.000000000Z,2026-02-16T20:30:00.000000000Z,SHORT,21000.00,0.00,0.70748,0.70748,ENTRY,FLIP_ENTRY,0.00,0.00,0.0000,0.00,366.6600,0
2026-02-16T20:30:00.000000000Z,2026-02-17T02:02:00.000000000Z,SHORT,21000.00,6300.00,0.70748,0.70555,TP1,TP1,19.30,5.79,12.1590,-1.50,378.8190,21
2026-02-16T20:30:00.000000000Z,2026-02-17T02:02:00.000000000Z,SHORT,21000.00,14700.00,0.70748,0.70535,RUNNER,RUNNER_STOP,21.30,14.91,31.3110,-1.50,410.1300,21
2026-02-17T04:00:00.000000000Z,2026-02-17T04:00:00.000000000Z,LONG,21000.00,0.00,0.70583,0.70583,ENTRY,ENTRY,0.00,0.00,0.0000,0.00,410.1300,0
2026-02-17T04:00:00.000000000Z,2026-02-17T07:00:00.000000000Z,LONG,21000.00,21000.00,0.70583,0.70608,EXIT,FLIP,2.50,2.50,5.2500,-2.50,415.3800,12
2026-02-17T07:00:00.000000000Z,2026-02-17T07:00:00.000000000Z,SHORT,21000.00,0.00,0.70608,0.70608,ENTRY,FLIP_ENTRY,0.00,0.00,0.0000,0.00,415.3800,0
2026-02-17T07:00:00.000000000Z,2026-02-17T14:51:00.000000000Z,SHORT,21000.00,6300.00,0.70608,0.70415,TP1,TP1,19.30,5.79,12.1590,-16.10,427.5390,30
2026-02-17T07:00:00.000000000Z,2026-02-17T14:51:00.000000000Z,SHORT,21000.00,14700.00,0.70608,0.70395,RUNNER,RUNNER_STOP,21.30,14.91,31.3110,-16.10,458.8500,30
2026-02-17T15:45:00.000000000Z,2026-02-17T15:45:00.000000000Z,LONG,21000.00,0.00,0.70439,0.70439,ENTRY,ENTRY,0.00,0.00,0.0000,0.00,458.8500,0
2026-02-17T15:45:00.000000000Z,2026-02-17T16:22:00.000000000Z,LONG,21000.00,6300.00,0.70439,0.70632,TP1,TP1,19.30,5.79,12.1590,-0.60,471.0090,1
2026-02-17T15:45:00.000000000Z,2026-02-17T16:22:00.000000000Z,LONG,21000.00,14700.00,0.70439,0.70652,RUNNER,RUNNER_STOP,21.30,14.91,31.3110,-0.60,502.3200,1
2026-02-17T19:15:00.000000000Z,2026-02-17T19:15:00.000000000Z,SHORT,21000.00,0.00,0.70809,0.70809,ENTRY,ENTRY,0.00,0.00,0.0000,0.00,502.3200,0
