entry_ts,exit_ts,side,units_opened,units_closed,entry_price,exit_price,leg,reason,pnl_pips,pnl_pips_weighted,pnl_usd,mae_pips,equity,hold_bars,comp_units_opened,comp_units_closed,comp_pnl_usd,comp_balance
2026-01-30T02:45:00.000000000Z,2026-01-30T02:45:00.000000000Z,LONG,8000.00,0.00,0.70054,0.70054,ENTRY,ENTRY,0.00,0.00,0.0000,0.00,0.0000,0,10170,0,0.000000,250.000000
2026-01-30T02:45:00.000000000Z,2026-01-30T09:15:00.000000000Z,LONG,8000.00,8000.00,0.70054,0.69890,EXIT,FLIP,-16.50,-16.50,-13.2000,-23.45,-13.2000,26,0,10170,-16.780500,233.219500
2026-01-30T09:15:00.000000000Z,2026-01-30T09:15:00.000000000Z,SHORT,8000.00,0.00,0.69890,0.69890,ENTRY,FLIP_ENTRY,0.00,0.00,0.0000,0.00,-13.2000,0,9510,0,0.000000,233.219500
2026-01-30T09:15:00.000000000Z,2026-01-30T09:55:00.000000000Z,SHORT,8000.00,2400.00,0.69890,0.69696,TP1,TP1,19.35,5.81,4.6440,-6.15,-8.5560,1,0,2853,5.520555,238.740055
2026-01-30T09:15:00.000000000Z,2026-01-30T09:55:00.000000000Z,SHORT,8000.00,5600.00,0.69890,0.69696,RUNNER,RUNNER_STOP,19.35,13.55,10.8360,-6.15,2.2800,1,0,6657,12.881295,251.621350
2026-01-30T12:30:00.000000000Z,2026-01-30T12:30:00.000000000Z,SHORT,8000.00,0.00,0.70098,0.70098,ENTRY,ENTRY,0.00,0.00,0.0000,0.00,2.2800,0,10230,0,0.000000,251.621350
2026-01-30T12:30:00.000000000Z,2026-01-30T13:51:00.000000000Z,SHORT,8000.00,2400.00,0.70098,0.69904,TP1,TP1,19.35,5.81,4.6440,-9.95,6.9240,4,0,3069,5.938515,257.559865
2026-01-30T12:30:00.000000000Z,2026-01-30T13:51:00.000000000Z,SHORT,8000.00,5600.00,0.70098,0.69904,RUNNER,RUNNER_STOP,19.35,13.55,10.8360,-9.95,17.7600,4,0,7161,13.856535,271.416400
2026-01-30T15:30:00.000000000Z,2026-01-30T15:30:00.000000000Z,LONG,8000.00,0.00,0.70240,0.70240,ENTRY,ENTRY,0.00,0.00,0.0000,0.00,17.7600,0,11012,0,0.000000,271.416400
2026-01-30T15:30:00.000000000Z,2026-01-30T16:03:00.000000000Z,LONG,8000.00,8000.00,0.70240,0.69954,EXIT,SL,-28.65,-28.65,-22.9200,-28.25,-5.1600,1,0,11012,-31.549380,239.867020
2026-01-30T18:45:00.000000000Z,2026-01-30T18:45:00.000000000Z,LONG,8000.00,0.00,0.69788,0.69788,ENTRY,ENTRY,0.00,0.00,0.0000,0.00,-5.1600,0,9795,0,0.000000,239.867020
2026-01-30T18:45:00.000000000Z,2026-01-30T21:45:00.000000000Z,LONG,8000.00,8000.00,0.69788,0.69624,EXIT,FLIP,-16.50,-16.50,-13.2000,-17.85,-18.3600,12,0,9795,-16.161750,223.705270
2026-01-30T21:45:00.000000000Z,2026-01-30T21:45:00.000000000Z,SHORT,8000.00,0.00,0.69624,0.69624,ENTRY,FLIP_ENTRY,0.00,0.00,0.0000,0.00,-18.3600,0,9157,0,0.000000,223.705270
2026-01-30T21:45:00.000000000Z,2026-02-01T22:59:00.000000000Z,SHORT,8000.00,2400.00,0.69624,0.69430,TP1,TP1,19.35,5.81,4.6440,0.00,-13.7160,3,0,2747,5.315445,229.020715
2026-01-30T21:45:00.000000000Z,2026-02-01T22:59:00.000000000Z,SHORT,8000.00,5600.00,0.69624,0.69430,RUNNER,RUNNER_STOP,19.35,13.55,10.8360,0.00,-2.8800,3,0,6410,12.403350,241.424065
2026-02-02T02:15:00.000000000Z,2026-02-02T02:15:00.000000000Z,SHORT,8000.00,0.00,0.69576,0.69576,ENTRY,ENTRY,0.00,0.00,0.0000,0.00,-2.8800,0,9889,0,0.000000,241.424065
2026-02-02T02:15:00.000000000Z,2026-02-02T04:01:00.000000000Z,SHORT,8000.00,2400.00,0.69576,0.69382,TP1,TP1,19.35,5.81,4.6440,-9.05,1.7640,6,0,2967,5.741145,247.165210
2026-02-02T02:15:00.000000000Z,2026-02-02T04:01:00.000000000Z,SHORT,8000.00,5600.00,0.69576,0.69382,RUNNER,RUNNER_STOP,19.35,13.55,10.8360,-9.05,12.6000,6,0,6922,13.394070,260.559280
2026-02-02T06:45:00.000000000Z,2026-02-02T06:45:00.000000000Z,LONG,8000.00,0.00,0.69240,0.69240,ENTRY,ENTRY,0.00,0.00,0.0000,0.00,12.6000,0,10724,0,0.000000,260.559280
2026-02-02T06:45:00.000000000Z,2026-02-02T07:55:00.000000000Z,LONG,8000.00,2400.00,0.69240,0.69434,TP1,TP1,19.35,5.81,4.6440,-1.45,17.2440,3,0,3217,6.224895,266.784175
2026-02-02T06:45:00.000000000Z,2026-02-02T07:55:00.000000000Z,LONG,8000.00,5600.00,0.69240,0.69434,RUNNER,RUNNER_STOP,19.35,13.55,10.8360,-1.45,28.0800,3,0,7507,14.526045,281.310220
2026-02-02T10:30:00.000000000Z,2026-02-02T10:30:00.000000000Z,SHORT,8000.00,0.00,0.69497,0.69497,ENTRY,ENTRY,0.00,0.00,0.0000,0.00,28.0800,0,11536,0,0.000000,281.310220
2026-02-02T10:30:00.000000000Z,2026-02-02T14:30:00.000000000Z,SHORT,8000.00,8000.00,0.69497,0.69620,EXIT,FLIP,-12.40,-12.40,-9.9200,-21.05,18.1600,16,0,11536,-14.304640,267.005580
2026-02-02T14:30:00.000000000Z,2026-02-02T14:30:00.000000000Z,LONG,8000.00,0.00,0.69620,0.69620,ENTRY,FLIP_ENTRY,0.00,0.00,0.0000,0.00,18.1600,0,10930,0,0.000000,267.005580
2026-02-02T14:30:00.000000000Z,2026-02-03T03:30:00.000000000Z,LONG,8000.00,2400.00,0.69620,0.69814,TP1,TP1,19.35,5.81,4.6440,-26.35,22.8040,51,0,3279,6.344865,273.350445
2026-02-02T14:30:00.000000000Z,2026-02-03T03:30:00.000000000Z,LONG,8000.00,5600.00,0.69620,0.69814,RUNNER,RUNNER_STOP,19.35,13.55,10.8360,-26.35,33.6400,51,0,7651,14.804685,288.155130
2026-02-03T05:00:00.000000000Z,2026-02-03T05:00:00.000000000Z,SHORT,8000.00,0.00,0.70049,0.70049,ENTRY,ENTRY,0.00,0.00,0.0000,0.00,33.6400,0,11723,0,0.000000,288.155130
2026-02-03T05:00:00.000000000Z,2026-02-03T07:32:00.000000000Z,SHORT,8000.00,8000.00,0.70049,0.70336,EXIT,SL,-28.65,-28.65,-22.9200,-30.55,10.7200,9,0,11723,-33.586395,254.568735
2026-02-03T08:45:00.000000000Z,2026-02-03T08:45:00.000000000Z,SHORT,8000.00,0.00,0.70293,0.70293,ENTRY,ENTRY,0.00,0.00,0.0000,0.00,10.7200,0,10321,0,0.000000,254.568735
2026-02-03T08:45:00.000000000Z,2026-02-03T09:25:00.000000000Z,SHORT,8000.00,2400.00,0.70293,0.70100,TP1,TP1,19.35,5.81,4.6440,-2.95,15.3640,1,0,3096,5.990760,260.559495
2026-02-03T08:45:00.000000000Z,2026-02-03T09:25:00.000000000Z,SHORT,8000.00,5600.00,0.70293,0.70100,RUNNER,RUNNER_STOP,19.35,13.55,10.8360,-2.95,26.2000,1,0,7225,13.980375,274.539870
2026-02-03T12:00:00.000000000Z,2026-02-03T12:00:00.000000000Z,LONG,8000.00,0.00,0.70059,0.70059,ENTRY,ENTRY,0.00,0.00,0.0000,0.00,26.2000,0,11168,0,0.000000,274.539870
2026-02-03T12:00:00.000000000Z,2026-02-03T17:15:00.000000000Z,LONG,8000.00,8000.00,0.70059,0.70142,EXIT,FLIP,8.30,8.30,6.6400,-25.05,32.8400,21,0,11168,9.269440,283.809310
2026-02-03T17:15:00.000000000Z,2026-02-03T17:15:00.000000000Z,SHORT,8000.00,0.00,0.70142,0.70142,ENTRY,FLIP_ENTRY,0.00,0.00,0.0000,0.00,32.8400,0,11531,0,0.000000,283.809310
2026-02-03T17:15:00.000000000Z,2026-02-03T19:05:00.000000000Z,SHORT,8000.00,2400.00,0.70142,0.69948,TP1,TP1,19.35,5.81,4.6440,-5.15,37.4840,6,0,3459,6.693165,290.502475
2026-02-03T17:15:00.000000000Z,2026-02-03T19:05:00.000000000Z,SHORT,8000.00,5600.00,0.70142,0.69948,RUNNER,RUNNER_STOP,19.35,13.55,10.8360,-5.15,48.3200,6,0,8072,15.619320,306.121795
2026-02-04T01:00:00.000000000Z,2026-02-04T01:00:00.000000000Z,LONG,8000.00,0.00,0.70259,0.70259,ENTRY,ENTRY,0.00,0.00,0.0000,0.00,48.3200,0,12417,0,0.000000,306.121795
2026-02-04T01:00:00.000000000Z,2026-02-04T02:15:00.000000000Z,LONG,8000.00,8000.00,0.70259,0.70222,EXIT,FLIP,-3.70,-3.70,-2.9600,-4.85,45.3600,5,0,12417,-4.594290,301.527505
2026-02-04T02:15:00.000000000Z,2026-02-04T02:15:00.000000000Z,SHORT,8000.00,0.00,0.70222,0.70222,ENTRY,FLIP_ENTRY,0.00,0.00,0.0000,0.00,45.3600,0,12237,0,0.000000,301.527505
2026-02-04T02:15:00.000000000Z,2026-02-04T04:00:00.000000000Z,SHORT,8000.00,8000.00,0.70222,0.70240,EXIT,FLIP,-1.90,-1.90,-1.5200,-3.25,43.8400,7,0,12237,-2.325030,299.202475
2026-02-04T04:00:00.000000000Z,2026-02-04T04:00:00.000000000Z,LONG,8000.00,0.00,0.70240,0.70240,ENTRY,FLIP_ENTRY,0.00,0.00,0.0000,0.00,43.8400,0,12140,0,0.000000,299.202475
2026-02-04T04:00:00.000000000Z,2026-02-04T07:15:00.000000000Z,LONG,8000.00,8000.00,0.70240,0.70280,EXIT,FLIP,3.90,3.90,3.1200,-4.85,46.9600,13,0,12140,4.734600,303.937075
2026-02-04T07:15:00.000000000Z,2026-02-04T07:15:00.000000000Z,SHORT,8000.00,0.00,0.70280,0.70280,ENTRY,FLIP_ENTRY,0.00,0.00,0.0000,0.00,46.9600,0,12325,0,0.000000,303.937075
2026-02-04T07:15:00.000000000Z,2026-02-04T11:45:00.000000000Z,SHORT,8000.00,8000.00,0.70280,0.70218,EXIT,FLIP,6.10,6.10,4.8800,-15.15,51.8400,18,0,12325,7.518250,311.455325
2026-02-04T11:45:00.000000000Z,2026-02-04T11:45:00.000000000Z,LONG,8000.00,0.00,0.70218,0.70218,ENTRY,FLIP_ENTRY,0.00,0.00,0.0000,0.00,51.8400,0,12641,0,0.000000,311.455325
2026-02-04T11:45:00.000000000Z,2026-02-04T14:30:00.000000000Z,LONG,8000.00,8000.00,0.70218,0.70210,EXIT,FLIP,-0.90,-0.90,-0.7200,-5.25,51.1200,11,0,12641,-1.137690,310.317635
2026-02-04T14:30:00.000000000Z,2026-02-04T14:30:00.000000000Z,SHORT,8000.00,0.00,0.70210,0.70210,ENTRY,FLIP_ENTRY,0.00,0.00,0.0000,0.00,51.1200,0,12596,0,0.000000,310.317635
2026-02-04T14:30:00.000000000Z,2026-02-04T15:34:00.000000000Z,SHORT,8000.00,2400.00,0.70210,0.70016,TP1,TP1,19.35,5.81,4.6440,-4.65,55.7640,3,0,3779,7.312365,317.630000
2026-02-04T14:30:00.000000000Z,2026-02-04T15:34:00.000000000Z,SHORT,8000.00,5600.00,0.70210,0.70016,RUNNER,RUNNER_STOP,19.35,13.55,10.8360,-4.65,66.6000,3,0,8817,17.060895,334.690895
2026-02-04T17:00:00.000000000Z,2026-02-04T17:00:00.000000000Z,LONG,8000.00,0.00,0.70022,0.70022,ENTRY,ENTRY,0.00,0.00,0.0000,0.00,66.6000,0,13622,0,0.000000,334.690895
2026-02-04T17:00:00.000000000Z,2026-02-04T17:40:00.000000000Z,LONG,8000.00,8000.00,0.70022,0.69736,EXIT,SL,-28.65,-28.65,-22.9200,-29.85,43.6800,1,0,13622,-39.027030,295.663865
2026-02-05T01:15:00.000000000Z,2026-02-05T01:15:00.000000000Z,SHORT,8000.00,0.00,0.69973,0.69973,ENTRY,ENTRY,0.00,0.00,0.0000,0.00,43.6800,0,12042,0,0.000000,295.663865
2026-02-05T01:15:00.000000000Z,2026-02-05T02:14:00.000000000Z,SHORT,8000.00,2400.00,0.69973,0.69780,TP1,TP1,19.35,5.81,4.6440,-5.25,48.3240,2,0,3613,6.991155,302.655020
2026-02-05T01:15:00.000000000Z,2026-02-05T02:14:00.000000000Z,SHORT,8000.00,5600.00,0.69973,0.69780,RUNNER,RUNNER_STOP,19.35,13.55,10.8360,-5.25,59.1600,2,0,8429,16.310115,318.965135
2026-02-05T07:30:00.000000000Z,2026-02-05T07:30:00.000000000Z,SHORT,8000.00,0.00,0.69744,0.69744,ENTRY,ENTRY,0.00,0.00,0.0000,0.00,59.1600,0,13034,0,0.000000,318.965135
2026-02-05T07:30:00.000000000Z,2026-02-05T14:30:00.000000000Z,SHORT,8000.00,8000.00,0.69744,0.69786,EXIT,FLIP,-4.20,-4.20,-3.3600,-16.35,55.8000,28,0,13034,-5.474280,313.490855
2026-02-05T14:30:00.000000000Z,2026-02-05T14:30:00.000000000Z,LONG,8000.00,0.00,0.69786,0.69786,ENTRY,FLIP_ENTRY,0.00,0.00,0.0000,0.00,55.8000,0,12802,0,0.000000,313.490855
2026-02-05T14:30:00.000000000Z,2026-02-05T15:26:00.000000000Z,LONG,8000.00,8000.00,0.69786,0.69500,EXIT,SL,-28.65,-28.65,-22.9200,-29.65,32.8800,2,0,12802,-36.677730,276.813125
2026-02-05T16:15:00.000000000Z,2026-02-05T16:15:00.000000000Z,LONG,8000.00,0.00,0.69671,0.69671,ENTRY,ENTRY,0.00,0.00,0.0000,0.00,32.8800,0,11323,0,0.000000,276.813125
2026-02-05T16:15:00.000000000Z,2026-02-05T21:07:00.000000000Z,LONG,8000.00,8000.00,0.69671,0.69384,EXIT,SL,-28.65,-28.65,-22.9200,-27.85,9.9600,18,0,11323,-32.440395,244.372730
2026-02-06T00:30:00.000000000Z,2026-02-06T00:30:00.000000000Z,LONG,8000.00,0.00,0.69201,0.69201,ENTRY,ENTRY,0.00,0.00,0.0000,0.00,9.9600,0,10064,0,0.000000,244.372730
2026-02-06T00:30:00.000000000Z,2026-02-06T02:01:00.000000000Z,LONG,8000.00,2400.00,0.69201,0.69395,TP1,TP1,19.35,5.81,4.6440,-9.45,14.6040,5,0,3019,5.841765,250.214495
2026-02-06T00:30:00.000000000Z,2026-02-06T02:01:00.000000000Z,LONG,8000.00,5600.00,0.69201,0.69395,RUNNER,RUNNER_STOP,19.35,13.55,10.8360,-9.45,25.4400,5,0,7045,13.632075,263.846570
2026-02-06T02:45:00.000000000Z,2026-02-06T02:45:00.000000000Z,SHORT,8000.00,0.00,0.69371,0.69371,ENTRY,ENTRY,0.00,0.00,0.0000,0.00,25.4400,0,10839,0,0.000000,263.846570
2026-02-06T02:45:00.000000000Z,2026-02-06T08:20:00.000000000Z,SHORT,8000.00,8000.00,0.69371,0.69658,EXIT,SL,-28.65,-28.65,-22.9200,-28.65,2.5200,21,0,10839,-31.053735,232.792835
2026-02-06T12:15:00.000000000Z,2026-02-06T12:15:00.000000000Z,LONG,8000.00,0.00,0.69840,0.69840,ENTRY,ENTRY,0.00,0.00,0.0000,0.00,2.5200,0,9499,0,0.000000,232.792835
2026-02-06T12:15:00.000000000Z,2026-02-06T14:33:00.000000000Z,LONG,8000.00,2400.00,0.69840,0.70034,TP1,TP1,19.35,5.81,4.6440,-2.85,7.1640,8,0,2850,5.514750,238.307585
2026-02-06T12:15:00.000000000Z,2026-02-06T14:33:00.000000000Z,LONG,8000.00,5600.00,0.69840,0.70034,RUNNER,RUNNER_STOP,19.35,13.55,10.8360,-2.85,18.0000,8,0,6649,12.865815,251.173400
2026-02-06T15:45:00.000000000Z,2026-02-06T15:45:00.000000000Z,SHORT,8000.00,0.00,0.70054,0.70054,ENTRY,ENTRY,0.00,0.00,0.0000,0.00,18.0000,0,10218,0,0.000000,251.173400
2026-02-06T15:45:00.000000000Z,2026-02-06T18:30:00.000000000Z,SHORT,8000.00,8000.00,0.70054,0.70222,EXIT,FLIP,-16.80,-16.80,-13.4400,-19.55,4.5600,11,0,10218,-17.166240,234.007160
2026-02-06T18:30:00.000000000Z,2026-02-06T18:30:00.000000000Z,LONG,8000.00,0.00,0.70222,0.70222,ENTRY,FLIP_ENTRY,0.00,0.00,0.0000,0.00,4.5600,0,9497,0,0.000000,234.007160
2026-02-06T18:30:00.000000000Z,2026-02-06T21:45:00.000000000Z,LONG,8000.00,8000.00,0.70222,0.70127,EXIT,FLIP,-9.60,-9.60,-7.6800,-9.05,-3.1200,13,0,9497,-9.117120,224.890040
2026-02-06T21:45:00.000000000Z,2026-02-06T21:45:00.000000000Z,SHORT,8000.00,0.00,0.70127,0.70127,ENTRY,FLIP_ENTRY,0.00,0.00,0.0000,0.00,-3.1200,0,9139,0,0.000000,224.890040
2026-02-06T21:45:00.000000000Z,2026-02-09T03:00:00.000000000Z,SHORT,8000.00,8000.00,0.70127,0.70288,EXIT,FLIP,-16.20,-16.20,-12.9600,-25.15,-16.0800,21,0,9139,-14.805180,210.084860
2026-02-09T03:00:00.000000000Z,2026-02-09T03:00:00.000000000Z,LONG,8000.00,0.00,0.70288,0.70288,ENTRY,FLIP_ENTRY,0.00,0.00,0.0000,0.00,-16.0800,0,8518,0,0.000000,210.084860
2026-02-09T03:00:00.000000000Z,2026-02-09T03:45:00.000000000Z,LONG,8000.00,8000.00,0.70288,0.70214,EXIT,FLIP,-7.50,-7.50,-6.0000,-7.75,-22.0800,3,0,8518,-6.388500,203.696360
2026-02-09T03:45:00.000000000Z,2026-02-09T03:45:00.000000000Z,SHORT,8000.00,0.00,0.70214,0.70214,ENTRY,FLIP_ENTRY,0.00,0.00,0.0000,0.00,-22.0800,0,8268,0,0.000000,203.696360
2026-02-09T03:45:00.000000000Z,2026-02-09T05:00:00.000000000Z,SHORT,8000.00,8000.00,0.70214,0.70266,EXIT,FLIP,-5.30,-5.30,-4.2400,-6.85,-26.3200,5,0,8268,-4.382040,199.314320
2026-02-09T05:00:00.000000000Z,2026-02-09T05:00:00.000000000Z,LONG,8000.00,0.00,0.70266,0.70266,ENTRY,FLIP_ENTRY,0.00,0.00,0.0000,0.00,-26.3200,0,8084,0,0.000000,199.314320
2026-02-09T05:00:00.000000000Z,2026-02-09T07:15:00.000000000Z,LONG,8000.00,8000.00,0.70266,0.70322,EXIT,FLIP,5.50,5.50,4.4000,-3.05,-21.9200,9,0,8084,4.446200,203.760520
2026-02-09T07:15:00.000000000Z,2026-02-09T07:15:00.000000000Z,SHORT,8000.00,0.00,0.70322,0.70322,ENTRY,FLIP_ENTRY,0.00,0.00,0.0000,0.00,-21.9200,0,8257,0,0.000000,203.760520
2026-02-09T07:15:00.000000000Z,2026-02-09T11:30:00.000000000Z,SHORT,8000.00,8000.00,0.70322,0.70322,EXIT,FLIP,-0.10,-0.10,-0.0800,-13.25,-22.0000,17,0,8257,-0.082570,203.677950
2026-02-09T11:30:00.000000000Z,2026-02-09T11:30:00.000000000Z,LONG,8000.00,0.00,0.70322,0.70322,ENTRY,FLIP_ENTRY,0.00,0.00,0.0000,0.00,-22.0000,0,8254,0,0.000000,203.677950
2026-02-09T11:30:00.000000000Z,2026-02-09T13:05:00.000000000Z,LONG,8000.00,2400.00,0.70322,0.70516,TP1,TP1,19.35,5.81,4.6440,-2.25,-17.3560,5,0,2476,4.791060,208.469010
2026-02-09T11:30:00.000000000Z,2026-02-09T13:05:00.000000000Z,LONG,8000.00,5600.00,0.70322,0.70516,RUNNER,RUNNER_STOP,19.35,13.55,10.8360,-2.25,-6.5200,5,0,5778,11.180430,219.649440
2026-02-09T16:15:00.000000000Z,2026-02-09T16:15:00.000000000Z,SHORT,8000.00,0.00,0.70837,0.70837,ENTRY,ENTRY,0.00,0.00,0.0000,0.00,-6.5200,0,8837,0,0.000000,219.649440
2026-02-09T16:15:00.000000000Z,2026-02-09T21:45:00.000000000Z,SHORT,8000.00,8000.00,0.70837,0.70945,EXIT,FLIP,-10.80,-10.80,-8.6400,-15.15,-15.1600,22,0,8837,-9.543960,210.105480
2026-02-09T21:45:00.000000000Z,2026-02-09T21:45:00.000000000Z,LONG,8000.00,0.00,0.70945,0.70945,ENTRY,FLIP_ENTRY,0.00,0.00,0.0000,0.00,-15.1600,0,8440,0,0.000000,210.105480
2026-02-09T21:45:00.000000000Z,2026-02-10T06:12:00.000000000Z,LONG,8000.00,8000.00,0.70945,0.70659,EXIT,SL,-28.65,-28.65,-22.9200,-27.95,-38.0800,32,0,8440,-24.180600,185.924880
2026-02-10T06:45:00.000000000Z,2026-02-10T06:45:00.000000000Z,LONG,8000.00,0.00,0.70691,0.70691,ENTRY,ENTRY,0.00,0.00,0.0000,0.00,-38.0800,0,7495,0,0.000000,185.924880
2026-02-10T06:45:00.000000000Z,2026-02-10T09:45:00.000000000Z,LONG,8000.00,8000.00,0.70691,0.70736,EXIT,FLIP,4.50,4.50,3.6000,-4.45,-34.4800,12,0,7495,3.372750,189.297630
2026-02-10T09:45:00.000000000Z,2026-02-10T09:45:00.000000000Z,SHORT,8000.00,0.00,0.70736,0.70736,ENTRY,FLIP_ENTRY,0.00,0.00,0.0000,0.00,-34.4800,0,7626,0,0.000000,189.297630
2026-02-10T09:45:00.000000000Z,2026-02-10T13:45:00.000000000Z,SHORT,8000.00,8000.00,0.70736,0.70754,EXIT,FLIP,-1.90,-1.90,-1.5200,-6.05,-36.0000,16,0,7626,-1.448940,187.848690
2026-02-10T13:45:00.000000000Z,2026-02-10T13:45:00.000000000Z,LONG,8000.00,0.00,0.70754,0.70754,ENTRY,FLIP_ENTRY,0.00,0.00,0.0000,0.00,-36.0000,0,7566,0,0.000000,187.848690
2026-02-10T13:45:00.000000000Z,2026-02-10T15:00:00.000000000Z,LONG,8000.00,8000.00,0.70754,0.70773,EXIT,FLIP,1.80,1.80,1.4400,-6.85,-34.5600,5,0,7566,1.361880,189.210570
2026-02-10T15:00:00.000000000Z,2026-02-10T15:00:00.000000000Z,SHORT,8000.00,0.00,0.70773,0.70773,ENTRY,FLIP_ENTRY,0.00,0.00,0.0000,0.00,-34.5600,0,7619,0,0.000000,189.210570
2026-02-10T15:00:00.000000000Z,2026-02-10T19:00:00.000000000Z,SHORT,8000.00,8000.00,0.70773,0.70728,EXIT,FLIP,4.40,4.40,3.5200,-11.35,-31.0400,16,0,7619,3.352360,192.562930
2026-02-10T19:00:00.000000000Z,2026-02-10T19:00:00.000000000Z,LONG,8000.00,0.00,0.70728,0.70728,ENTRY,FLIP_ENTRY,0.00,0.00,0.0000,0.00,-31.0400,0,7759,0,0.000000,192.562930
2026-02-10T19:00:00.000000000Z,2026-02-11T01:43:00.000000000Z,LONG,8000.00,2400.00,0.70728,0.70922,TP1,TP1,19.35,5.81,4.6440,-3.85,-26.3960,25,0,2328,4.504680,197.067610
2026-02-10T19:00:00.000000000Z,2026-02-11T01:43:00.000000000Z,LONG,8000.00,5600.00,0.70728,0.70922,RUNNER,RUNNER_STOP,19.35,13.55,10.8360,-3.85,-15.5600,25,0,5431,10.508985,207.576595
2026-02-11T07:45:00.000000000Z,2026-02-11T07:45:00.000000000Z,LONG,8000.00,0.00,0.71086,0.71086,ENTRY,ENTRY,0.00,0.00,0.0000,0.00,-15.5600,0,8322,0,0.000000,207.576595
2026-02-11T07:45:00.000000000Z,2026-02-11T11:30:00.000000000Z,LONG,8000.00,8000.00,0.71086,0.71137,EXIT,FLIP,5.00,5.00,4.0000,-10.05,-11.5600,15,0,8322,4.161000,211.737595
2026-02-11T11:30:00.000000000Z,2026-02-11T11:30:00.000000000Z,SHORT,8000.00,0.00,0.71137,0.71137,ENTRY,FLIP_ENTRY,0.00,0.00,0.0000,0.00,-11.5600,0,8482,0,0.000000,211.737595
2026-02-11T11:30:00.000000000Z,2026-02-11T13:30:00.000000000Z,SHORT,8000.00,2400.00,0.71137,0.70943,TP1,TP1,19.35,5.81,4.6440,-3.35,-6.9160,7,0,2545,4.924575,216.662170
2026-02-11T11:30:00.000000000Z,2026-02-11T13:30:00.000000000Z,SHORT,8000.00,5600.00,0.71137,0.70943,RUNNER,RUNNER_STOP,19.35,13.55,10.8360,-3.35,3.9200,7,0,5937,11.488095,228.150265
2026-02-11T13:45:00.000000000Z,2026-02-11T13:45:00.000000000Z,LONG,8000.00,0.00,0.71157,0.71157,ENTRY,ENTRY,0.00,0.00,0.0000,0.00,3.9200,0,9137,0,0.000000,228.150265
2026-02-11T13:45:00.000000000Z,2026-02-11T14:18:00.000000000Z,LONG,8000.00,2400.00,0.71157,0.71350,TP1,TP1,19.35,5.81,4.6440,-3.95,8.5640,1,0,2741,5.303835,233.454100
2026-02-11T13:45:00.000000000Z,2026-02-11T14:18:00.000000000Z,LONG,8000.00,5600.00,0.71157,0.71350,RUNNER,RUNNER_STOP,19.35,13.55,10.8360,-3.95,19.4000,1,0,6396,12.376260,245.830360
2026-02-11T18:45:00.000000000Z,2026-02-11T18:45:00.000000000Z,SHORT,8000.00,0.00,0.71330,0.71330,ENTRY,ENTRY,0.00,0.00,0.0000,0.00,19.4000,0,9822,0,0.000000,245.830360
2026-02-11T18:45:00.000000000Z,2026-02-11T21:45:00.000000000Z,SHORT,8000.00,8000.00,0.71330,0.71281,EXIT,FLIP,4.90,4.90,3.9200,-5.55,23.3200,12,0,9822,4.812780,250.643140
2026-02-11T21:45:00.000000000Z,2026-02-11T21:45:00.000000000Z,LONG,8000.00,0.00,0.71281,0.71281,ENTRY,FLIP_ENTRY,0.00,0.00,0.0000,0.00,23.3200,0,10021,0,0.000000,250.643140
2026-02-11T21:45:00.000000000Z,2026-02-12T02:15:00.000000000Z,LONG,8000.00,8000.00,0.71281,0.71330,EXIT,FLIP,4.90,4.90,3.9200,-8.85,27.2400,18,0,10021,4.910290,255.553430
2026-02-12T02:15:00.000000000Z,2026-02-12T02:15:00.000000000Z,SHORT,8000.00,0.00,0.71330,0.71330,ENTRY,FLIP_ENTRY,0.00,0.00,0.0000,0.00,27.2400,0,10210,0,0.000000,255.553430
2026-02-12T02:15:00.000000000Z,2026-02-12T04:50:00.000000000Z,SHORT,8000.00,2400.00,0.71330,0.71136,TP1,TP1,19.35,5.81,4.6440,-7.65,31.8840,9,0,3063,5.926905,261.480335
2026-02-12T02:15:00.000000000Z,2026-02-12T04:50:00.000000000Z,SHORT,8000.00,5600.00,0.71330,0.71136,RUNNER,RUNNER_STOP,19.35,13.55,10.8360,-7.65,42.7200,9,0,7147,13.829445,275.309780
2026-02-12T05:30:00.000000000Z,2026-02-12T05:30:00.000000000Z,LONG,8000.00,0.00,0.71218,0.71218,ENTRY,ENTRY,0.00,0.00,0.0000,0.00,42.7200,0,11017,0,0.000000,275.309780
2026-02-12T05:30:00.000000000Z,2026-02-12T12:15:00.000000000Z,LONG,8000.00,8000.00,0.71218,0.71269,EXIT,FLIP,5.10,5.10,4.0800,-16.85,46.8000,27,0,11017,5.618670,280.928450
2026-02-12T12:15:00.000000000Z,2026-02-12T12:15:00.000000000Z,SHORT,8000.00,0.00,0.71269,0.71269,ENTRY,FLIP_ENTRY,0.00,0.00,0.0000,0.00,46.8000,0,11234,0,0.000000,280.928450
2026-02-12T12:15:00.000000000Z,2026-02-12T16:13:00.000000000Z,SHORT,8000.00,2400.00,0.71269,0.71076,TP1,TP1,19.35,5.81,4.6440,-17.95,51.4440,14,0,3370,6.520950,287.449400
2026-02-12T12:15:00.000000000Z,2026-02-12T16:13:00.000000000Z,SHORT,8000.00,5600.00,0.71269,0.71076,RUNNER,RUNNER_STOP,19.35,13.55,10.8360,-17.95,62.2800,14,0,7864,15.216840,302.666240
2026-02-12T17:45:00.000000000Z,2026-02-12T17:45:00.000000000Z,SHORT,8000.00,0.00,0.70857,0.70857,ENTRY,ENTRY,0.00,0.00,0.0000,0.00,62.2800,0,12173,0,0.000000,302.666240
2026-02-12T17:45:00.000000000Z,2026-02-12T18:30:00.000000000Z,SHORT,8000.00,8000.00,0.70857,0.70888,EXIT,FLIP,-3.20,-3.20,-2.5600,-6.05,59.7200,3,0,12173,-3.895360,298.770880
2026-02-12T18:30:00.000000000Z,2026-02-12T18:30:00.000000000Z,LONG,8000.00,0.00,0.70888,0.70888,ENTRY,FLIP_ENTRY,0.00,0.00,0.0000,0.00,59.7200,0,12011,0,0.000000,298.770880
2026-02-12T18:30:00.000000000Z,2026-02-13T06:29:00.000000000Z,LONG,8000.00,8000.00,0.70888,0.70602,EXIT,SL,-28.65,-28.65,-22.9200,-27.65,36.8000,46,0,12011,-34.411515,264.359365
2026-02-13T07:45:00.000000000Z,2026-02-13T07:45:00.000000000Z,LONG,8000.00,0.00,0.70610,0.70610,ENTRY,ENTRY,0.00,0.00,0.0000,0.00,36.8000,0,10670,0,0.000000,264.359365
2026-02-13T07:45:00.000000000Z,2026-02-13T10:00:00.000000000Z,LONG,8000.00,8000.00,0.70610,0.70674,EXIT,FLIP,6.30,6.30,5.0400,-0.85,41.8400,9,0,10670,6.722100,271.081465
2026-02-13T10:00:00.000000000Z,2026-02-13T10:00:00.000000000Z,SHORT,8000.00,0.00,0.70674,0.70674,ENTRY,FLIP_ENTRY,0.00,0.00,0.0000,0.00,41.8400,0,10931,0,0.000000,271.081465
2026-02-13T10:00:00.000000000Z,2026-02-13T11:52:00.000000000Z,SHORT,8000.00,2400.00,0.70674,0.70480,TP1,TP1,19.35,5.81,4.6440,-3.25,46.4840,6,0,3279,6.344865,277.426330
2026-02-13T10:00:00.000000000Z,2026-02-13T11:52:00.000000000Z,SHORT,8000.00,5600.00,0.70674,0.70480,RUNNER,RUNNER_STOP,19.35,13.55,10.8360,-3.25,57.3200,6,0,7652,14.806620,292.232950
2026-02-13T12:45:00.000000000Z,2026-02-13T12:45:00.000000000Z,LONG,8000.00,0.00,0.70540,0.70540,ENTRY,ENTRY,0.00,0.00,0.0000,0.00,57.3200,0,11806,0,0.000000,292.232950
2026-02-13T12:45:00.000000000Z,2026-02-13T13:30:00.000000000Z,LONG,8000.00,2400.00,0.70540,0.70734,TP1,TP1,19.35,5.81,4.6440,-7.45,61.9640,2,0,3542,6.853770,299.086720
2026-02-13T12:45:00.000000000Z,2026-02-13T13:30:00.000000000Z,LONG,8000.00,5600.00,0.70540,0.70734,RUNNER,RUNNER_STOP,19.35,13.55,10.8360,-7.45,72.8000,2,0,8264,15.990840,315.077560
2026-02-13T15:45:00.000000000Z,2026-02-13T15:45:00.000000000Z,SHORT,8000.00,0.00,0.70602,0.70602,ENTRY,ENTRY,0.00,0.00,0.0000,0.00,72.8000,0,12718,0,0.000000,315.077560
2026-02-13T15:45:00.000000000Z,2026-02-13T16:45:00.000000000Z,SHORT,8000.00,8000.00,0.70602,0.70674,EXIT,FLIP,-7.30,-7.30,-5.8400,-12.05,66.9600,4,0,12718,-9.284140,305.793420
2026-02-13T16:45:00.000000000Z,2026-02-13T16:45:00.000000000Z,LONG,8000.00,0.00,0.70674,0.70674,ENTRY,FLIP_ENTRY,0.00,0.00,0.0000,0.00,66.9600,0,12331,0,0.000000,305.793420
2026-02-13T16:45:00.000000000Z,2026-02-13T19:15:00.000000000Z,LONG,8000.00,8000.00,0.70674,0.70786,EXIT,FLIP,11.10,11.10,8.8800,-1.35,75.8400,10,0,12331,13.687410,319.480830
2026-02-13T19:15:00.000000000Z,2026-02-13T19:15:00.000000000Z,SHORT,8000.00,0.00,0.70786,0.70786,ENTRY,FLIP_ENTRY,0.00,0.00,0.0000,0.00,75.8400,0,12863,0,0.000000,319.480830
2026-02-13T19:15:00.000000000Z,2026-02-13T21:45:00.000000000Z,SHORT,8000.00,8000.00,0.70786,0.70742,EXIT,FLIP,4.40,4.40,3.5200,-3.65,79.3600,10,0,12863,5.659720,325.140550
2026-02-13T21:45:00.000000000Z,2026-02-13T21:45:00.000000000Z,LONG,8000.00,0.00,0.70742,0.70742,ENTRY,FLIP_ENTRY,0.00,0.00,0.0000,0.00,79.3600,0,13099,0,0.000000,325.140550
2026-02-13T21:45:00.000000000Z,2026-02-16T02:00:00.000000000Z,LONG,8000.00,8000.00,0.70742,0.70810,EXIT,FLIP,6.90,6.90,5.5200,-16.35,84.8800,17,0,13099,9.038310,334.178860
2026-02-16T02:00:00.000000000Z,2026-02-16T02:00:00.000000000Z,SHORT,8000.00,0.00,0.70810,0.70810,ENTRY,FLIP_ENTRY,0.00,0.00,0.0000,0.00,84.8800,0,13450,0,0.000000,334.178860
2026-02-16T02:00:00.000000000Z,2026-02-16T05:45:00.000000000Z,SHORT,8000.00,8000.00,0.70810,0.70881,EXIT,FLIP,-7.00,-7.00,-5.6000,-8.75,79.2800,15,0,13450,-9.415000,324.763860
2026-02-16T05:45:00.000000000Z,2026-02-16T05:45:00.000000000Z,LONG,8000.00,0.00,0.70881,0.70881,ENTRY,FLIP_ENTRY,0.00,0.00,0.0000,0.00,79.2800,0,13058,0,0.000000,324.763860
2026-02-16T05:45:00.000000000Z,2026-02-16T07:00:00.000000000Z,LONG,8000.00,8000.00,0.70881,0.70847,EXIT,FLIP,-3.30,-3.30,-2.6400,-3.55,76.6400,5,0,13058,-4.309140,320.454720
2026-02-16T07:00:00.000000000Z,2026-02-16T07:00:00.000000000Z,SHORT,8000.00,0.00,0.70847,0.70847,ENTRY,FLIP_ENTRY,0.00,0.00,0.0000,0.00,76.6400,0,12891,0,0.000000,320.454720
2026-02-16T07:00:00.000000000Z,2026-02-16T12:00:00.000000000Z,SHORT,8000.00,8000.00,0.70847,0.70857,EXIT,FLIP,-0.90,-0.90,-0.7200,-11.95,75.9200,20,0,12891,-1.160190,319.294530
2026-02-16T12:00:00.000000000Z,2026-02-16T12:00:00.000000000Z,LONG,8000.00,0.00,0.70857,0.70857,ENTRY,FLIP_ENTRY,0.00,0.00,0.0000,0.00,75.9200,0,12842,0,0.000000,319.294530
2026-02-16T12:00:00.000000000Z,2026-02-17T01:54:00.000000000Z,LONG,8000.00,8000.00,0.70857,0.70570,EXIT,SL,-28.65,-28.65,-22.9200,-27.95,53.0000,54,0,12842,-36.792330,282.502200
2026-02-17T03:45:00.000000000Z,2026-02-17T03:45:00.000000000Z,LONG,8000.00,0.00,0.70559,0.70559,ENTRY,ENTRY,0.00,0.00,0.0000,0.00,53.0000,0,11410,0,0.000000,282.502200
2026-02-17T03:45:00.000000000Z,2026-02-17T07:00:00.000000000Z,LONG,8000.00,8000.00,0.70559,0.70609,EXIT,FLIP,5.00,5.00,4.0000,-1.35,57.0000,13,0,11410,5.705000,288.207200
2026-02-17T07:00:00.000000000Z,2026-02-17T07:00:00.000000000Z,SHORT,8000.00,0.00,0.70609,0.70609,ENTRY,FLIP_ENTRY,0.00,0.00,0.0000,0.00,57.0000,0,11632,0,0.000000,288.207200
2026-02-17T07:00:00.000000000Z,2026-02-17T14:15:00.000000000Z,SHORT,8000.00,8000.00,0.70609,0.70494,EXIT,FLIP,11.40,11.40,9.1200,-16.05,66.1200,29,0,11632,13.260480,301.467680
2026-02-17T14:15:00.000000000Z,2026-02-17T14:15:00.000000000Z,LONG,8000.00,0.00,0.70494,0.70494,ENTRY,FLIP_ENTRY,0.00,0.00,0.0000,0.00,66.1200,0,12188,0,0.000000,301.467680
2026-02-17T14:15:00.000000000Z,2026-02-17T18:18:00.000000000Z,LONG,8000.00,2400.00,0.70494,0.70688,TP1,TP1,19.35,5.81,4.6440,-21.25,70.7640,15,0,3656,7.074360,308.542040
2026-02-17T14:15:00.000000000Z,2026-02-17T18:18:00.000000000Z,LONG,8000.00,5600.00,0.70494,0.70688,RUNNER,RUNNER_STOP,19.35,13.55,10.8360,-21.25,81.6000,15,0,8532,16.509420,325.051460
2026-02-17T19:15:00.000000000Z,2026-02-17T19:15:00.000000000Z,SHORT,8000.00,0.00,0.70810,0.70810,ENTRY,ENTRY,0.00,0.00,0.0000,0.00,81.6000,0,13082,0,0.000000,325.051460
2026-02-17T19:15:00.000000000Z,2026-02-18T13:52:00.000000000Z,SHORT,8000.00,2400.00,0.70810,0.70616,TP1,TP1,19.35,5.81,4.6440,-6.85,86.2440,73,0,3925,7.594875,332.646335
2026-02-17T19:15:00.000000000Z,2026-02-18T13:52:00.000000000Z,SHORT,8000.00,5600.00,0.70810,0.70616,RUNNER,RUNNER_STOP,19.35,13.55,10.8360,-6.85,97.0800,73,0,9157,17.718795,350.365130
2026-02-18T14:30:00.000000000Z,2026-02-18T14:30:00.000000000Z,LONG,8000.00,0.00,0.70615,0.70615,ENTRY,ENTRY,0.00,0.00,0.0000,0.00,97.0800,0,14140,0,0.000000,350.365130
2026-02-18T14:30:00.000000000Z,2026-02-19T14:25:00.000000000Z,LONG,8000.00,8000.00,0.70615,0.70328,EXIT,SL,-28.65,-28.65,-22.9200,-27.75,74.1600,94,0,14140,-40.511100,309.854030
2026-02-19T17:30:00.000000000Z,2026-02-19T17:30:00.000000000Z,SHORT,8000.00,0.00,0.70514,0.70514,ENTRY,ENTRY,0.00,0.00,0.0000,0.00,74.1600,0,12523,0,0.000000,309.854030
2026-02-19T17:30:00.000000000Z,2026-02-19T18:30:00.000000000Z,SHORT,8000.00,8000.00,0.70514,0.70542,EXIT,FLIP,-2.90,-2.90,-2.3200,-6.15,71.8400,4,0,12523,-3.631670,306.222360
2026-02-19T18:30:00.000000000Z,2026-02-19T18:30:00.000000000Z,LONG,8000.00,0.00,0.70542,0.70542,ENTRY,FLIP_ENTRY,0.00,0.00,0.0000,0.00,71.8400,0,12371,0,0.000000,306.222360
2026-02-19T18:30:00.000000000Z,2026-02-19T19:30:00.000000000Z,LONG,8000.00,8000.00,0.70542,0.70456,EXIT,FLIP,-8.60,-8.60,-6.8800,-11.55,64.9600,4,0,12371,-10.639060,295.583300
2026-02-19T19:30:00.000000000Z,2026-02-19T19:30:00.000000000Z,SHORT,8000.00,0.00,0.70456,0.70456,ENTRY,FLIP_ENTRY,0.00,0.00,0.0000,0.00,64.9600,0,11956,0,0.000000,295.583300
2026-02-19T19:30:00.000000000Z,2026-02-19T20:30:00.000000000Z,SHORT,8000.00,8000.00,0.70456,0.70525,EXIT,FLIP,-6.80,-6.80,-5.4400,-8.15,59.5200,4,0,11956,-8.130080,287.453220
2026-02-19T20:30:00.000000000Z,2026-02-19T20:30:00.000000000Z,LONG,8000.00,0.00,0.70525,0.70525,ENTRY,FLIP_ENTRY,0.00,0.00,0.0000,0.00,59.5200,0,11616,0,0.000000,287.453220
2026-02-19T20:30:00.000000000Z,2026-02-20T01:50:00.000000000Z,LONG,8000.00,8000.00,0.70525,0.70238,EXIT,SL,-28.65,-28.65,-22.9200,-29.45,36.6000,20,0,11616,-33.279840,254.173380
2026-02-20T03:00:00.000000000Z,2026-02-20T03:00:00.000000000Z,LONG,8000.00,0.00,0.70291,0.70291,ENTRY,ENTRY,0.00,0.00,0.0000,0.00,36.6000,0,10305,0,0.000000,254.173380
2026-02-20T03:00:00.000000000Z,2026-02-20T07:07:00.000000000Z,LONG,8000.00,2400.00,0.70291,0.70484,TP1,TP1,19.35,5.81,4.6440,-5.85,41.2440,15,0,3092,5.983020,260.156400
2026-02-20T03:00:00.000000000Z,2026-02-20T07:07:00.000000000Z,LONG,8000.00,5600.00,0.70291,0.70484,RUNNER,RUNNER_STOP,19.35,13.55,10.8360,-5.85,52.0800,15,0,7213,13.957155,274.113555
2026-02-20T07:45:00.000000000Z,2026-02-20T07:45:00.000000000Z,SHORT,8000.00,0.00,0.70412,0.70412,ENTRY,ENTRY,0.00,0.00,0.0000,0.00,52.0800,0,11095,0,0.000000,274.113555
2026-02-20T07:45:00.000000000Z,2026-02-20T13:15:00.000000000Z,SHORT,8000.00,8000.00,0.70412,0.70532,EXIT,FLIP,-12.10,-12.10,-9.6800,-25.85,42.4000,22,0,11095,-13.424950,260.688605
2026-02-20T13:15:00.000000000Z,2026-02-20T13:15:00.000000000Z,LONG,8000.00,0.00,0.70532,0.70532,ENTRY,FLIP_ENTRY,0.00,0.00,0.0000,0.00,42.4000,0,10533,0,0.000000,260.688605
2026-02-20T13:15:00.000000000Z,2026-02-20T15:01:00.000000000Z,LONG,8000.00,2400.00,0.70532,0.70726,TP1,TP1,19.35,5.81,4.6440,-13.05,47.0440,6,0,3160,6.114600,266.803205
2026-02-20T13:15:00.000000000Z,2026-02-20T15:01:00.000000000Z,LONG,8000.00,5600.00,0.70532,0.70726,RUNNER,RUNNER_STOP,19.35,13.55,10.8360,-13.05,57.8800,6,0,7373,14.266755,281.069960
2026-02-20T17:00:00.000000000Z,2026-02-20T17:00:00.000000000Z,SHORT,8000.00,0.00,0.70692,0.70692,ENTRY,ENTRY,0.00,0.00,0.0000,0.00,57.8800,0,11331,0,0.000000,281.069960
2026-02-20T17:00:00.000000000Z,2026-02-22T23:30:00.000000000Z,SHORT,8000.00,8000.00,0.70692,0.70978,EXIT,SL,-28.65,-28.65,-22.9200,-27.85,34.9600,25,0,11331,-32.463315,248.606645
2026-02-23T00:30:00.000000000Z,2026-02-23T00:30:00.000000000Z,SHORT,8000.00,0.00,0.70953,0.70953,ENTRY,ENTRY,0.00,0.00,0.0000,0.00,34.9600,0,9985,0,0.000000,248.606645
2026-02-23T00:30:00.000000000Z,2026-02-23T02:05:00.000000000Z,SHORT,8000.00,2400.00,0.70953,0.70759,TP1,TP1,19.35,5.81,4.6440,-0.55,39.6040,5,0,2996,5.797260,254.403905
2026-02-23T00:30:00.000000000Z,2026-02-23T02:05:00.000000000Z,SHORT,8000.00,5600.00,0.70953,0.70759,RUNNER,RUNNER_STOP,19.35,13.55,10.8360,-0.55,50.4400,5,0,6989,13.523715,267.927620
2026-02-23T04:30:00.000000000Z,2026-02-23T04:30:00.000000000Z,LONG,8000.00,0.00,0.70722,0.70722,ENTRY,ENTRY,0.00,0.00,0.0000,0.00,50.4400,0,10797,0,0.000000,267.927620
2026-02-23T04:30:00.000000000Z,2026-02-23T07:30:00.000000000Z,LONG,8000.00,8000.00,0.70722,0.70776,EXIT,FLIP,5.30,5.30,4.2400,-5.85,54.6800,12,0,10797,5.722410,273.650030
2026-02-23T07:30:00.000000000Z,2026-02-23T07:30:00.000000000Z,SHORT,8000.00,0.00,0.70776,0.70776,ENTRY,FLIP_ENTRY,0.00,0.00,0.0000,0.00,54.6800,0,11019,0,0.000000,273.650030
2026-02-23T07:30:00.000000000Z,2026-02-23T12:24:00.000000000Z,SHORT,8000.00,2400.00,0.70776,0.70582,TP1,TP1,19.35,5.81,4.6440,-13.25,59.3240,18,0,3306,6.397110,280.047140
2026-02-23T07:30:00.000000000Z,2026-02-23T12:24:00.000000000Z,SHORT,8000.00,5600.00,0.70776,0.70582,RUNNER,RUNNER_STOP,19.35,13.55,10.8360,-13.25,70.1600,18,0,7713,14.924655,294.971795
2026-02-23T13:00:00.000000000Z,2026-02-23T13:00:00.000000000Z,LONG,8000.00,0.00,0.70671,0.70671,ENTRY,ENTRY,0.00,0.00,0.0000,0.00,70.1600,0,11895,0,0.000000,294.971795
2026-02-23T13:00:00.000000000Z,2026-02-24T12:20:00.000000000Z,LONG,8000.00,8000.00,0.70671,0.70384,EXIT,SL,-28.65,-28.65,-22.9200,-27.65,47.2400,92,0,11895,-34.079175,260.892620
2026-02-24T12:45:00.000000000Z,2026-02-24T12:45:00.000000000Z,LONG,8000.00,0.00,0.70432,0.70432,ENTRY,ENTRY,0.00,0.00,0.0000,0.00,47.2400,0,10556,0,0.000000,260.892620
2026-02-24T12:45:00.000000000Z,2026-02-24T16:12:00.000000000Z,LONG,8000.00,2400.00,0.70432,0.70626,TP1,TP1,19.35,5.81,4.6440,-16.65,51.8840,12,0,3167,6.128145,267.020765
2026-02-24T12:45:00.000000000Z,2026-02-24T16:12:00.000000000Z,LONG,8000.00,5600.00,0.70432,0.70626,RUNNER,RUNNER_STOP,19.35,13.55,10.8360,-16.65,62.7200,12,0,7389,14.297715,281.318480
2026-02-24T17:30:00.000000000Z,2026-02-24T17:30:00.000000000Z,SHORT,8000.00,0.00,0.70625,0.70625,ENTRY,ENTRY,0.00,0.00,0.0000,0.00,62.7200,0,11352,0,0.000000,281.318480
2026-02-24T17:30:00.000000000Z,2026-02-24T20:30:00.000000000Z,SHORT,8000.00,8000.00,0.70625,0.70647,EXIT,FLIP,-2.10,-2.10,-1.6800,-3.25,61.0400,12,0,11352,-2.383920,278.934560
2026-02-24T20:30:00.000000000Z,2026-02-24T20:30:00.000000000Z,LONG,8000.00,0.00,0.70647,0.70647,ENTRY,FLIP_ENTRY,0.00,0.00,0.0000,0.00,61.0400,0,11252,0,0.000000,278.934560
2026-02-24T20:30:00.000000000Z,2026-02-25T02:14:00.000000000Z,LONG,8000.00,2400.00,0.70647,0.70840,TP1,TP1,19.35,5.81,4.6440,-7.45,65.6840,21,0,3376,6.532560,285.467120
2026-02-24T20:30:00.000000000Z,2026-02-25T02:14:00.000000000Z,LONG,8000.00,5600.00,0.70647,0.70840,RUNNER,RUNNER_STOP,19.35,13.55,10.8360,-7.45,76.5200,21,0,7876,15.240060,300.707180
2026-02-25T07:15:00.000000000Z,2026-02-25T07:15:00.000000000Z,SHORT,8000.00,0.00,0.71095,0.71095,ENTRY,ENTRY,0.00,0.00,0.0000,0.00,76.5200,0,12054,0,0.000000,300.707180
2026-02-25T07:15:00.000000000Z,2026-02-25T09:38:00.000000000Z,SHORT,8000.00,2400.00,0.71095,0.70901,TP1,TP1,19.35,5.81,4.6440,-0.55,81.1640,8,0,3616,6.996960,307.704140
2026-02-25T07:15:00.000000000Z,2026-02-25T09:38:00.000000000Z,SHORT,8000.00,5600.00,0.71095,0.70901,RUNNER,RUNNER_STOP,19.35,13.55,10.8360,-0.55,92.0000,8,0,8438,16.327530,324.031670
2026-02-25T11:45:00.000000000Z,2026-02-25T11:45:00.000000000Z,LONG,8000.00,0.00,0.70810,0.70810,ENTRY,ENTRY,0.00,0.00,0.0000,0.00,92.0000,0,13041,0,0.000000,324.031670
2026-02-25T11:45:00.000000000Z,2026-02-25T15:18:00.000000000Z,LONG,8000.00,2400.00,0.70810,0.71004,TP1,TP1,19.35,5.81,4.6440,-1.15,96.6440,13,0,3912,7.569720,331.601390
2026-02-25T11:45:00.000000000Z,2026-02-25T15:18:00.000000000Z,LONG,8000.00,5600.00,0.70810,0.71004,RUNNER,RUNNER_STOP,19.35,13.55,10.8360,-1.15,107.4800,13,0,9129,17.664615,349.266005
2026-02-25T17:45:00.000000000Z,2026-02-25T17:45:00.000000000Z,SHORT,8000.00,0.00,0.71183,0.71183,ENTRY,ENTRY,0.00,0.00,0.0000,0.00,107.4800,0,13983,0,0.000000,349.266005
2026-02-25T17:45:00.000000000Z,2026-02-26T00:15:00.000000000Z,SHORT,8000.00,8000.00,0.71183,0.71240,EXIT,FLIP,-5.70,-5.70,-4.5600,-7.65,102.9200,26,0,13983,-7.970310,341.295695
2026-02-26T00:15:00.000000000Z,2026-02-26T00:15:00.000000000Z,LONG,8000.00,0.00,0.71240,0.71240,ENTRY,FLIP_ENTRY,0.00,0.00,0.0000,0.00,102.9200,0,13653,0,0.000000,341.295695
2026-02-26T00:15:00.000000000Z,2026-02-26T02:15:00.000000000Z,LONG,8000.00,8000.00,0.71240,0.71225,EXIT,FLIP,-1.50,-1.50,-1.2000,-2.65,101.7200,8,0,13653,-2.047950,339.247745
2026-02-26T02:15:00.000000000Z,2026-02-26T02:15:00.000000000Z,SHORT,8000.00,0.00,0.71225,0.71225,ENTRY,FLIP_ENTRY,0.00,0.00,0.0000,0.00,101.7200,0,13574,0,0.000000,339.247745
2026-02-26T02:15:00.000000000Z,2026-02-26T04:30:00.000000000Z,SHORT,8000.00,8000.00,0.71225,0.71271,EXIT,FLIP,-4.50,-4.50,-3.6000,-6.05,98.1200,9,0,13574,-6.108300,333.139445
2026-02-26T04:30:00.000000000Z,2026-02-26T04:30:00.000000000Z,LONG,8000.00,0.00,0.71271,0.71271,ENTRY,FLIP_ENTRY,0.00,0.00,0.0000,0.00,98.1200,0,13321,0,0.000000,333.139445
2026-02-26T04:30:00.000000000Z,2026-02-26T06:45:00.000000000Z,LONG,8000.00,8000.00,0.71271,0.71291,EXIT,FLIP,2.10,2.10,1.6800,-2.85,99.8000,9,0,13321,2.797410,335.936855
2026-02-26T06:45:00.000000000Z,2026-02-26T06:45:00.000000000Z,SHORT,8000.00,0.00,0.71291,0.71291,ENTRY,FLIP_ENTRY,0.00,0.00,0.0000,0.00,99.8000,0,13429,0,0.000000,335.936855
2026-02-26T06:45:00.000000000Z,2026-02-26T09:00:00.000000000Z,SHORT,8000.00,8000.00,0.71291,0.71179,EXIT,FLIP,11.30,11.30,9.0400,-1.95,108.8400,9,0,13429,15.174770,351.111625
2026-02-26T09:00:00.000000000Z,2026-02-26T09:00:00.000000000Z,LONG,8000.00,0.00,0.71179,0.71179,ENTRY,FLIP_ENTRY,0.00,0.00,0.0000,0.00,108.8400,0,14058,0,0.000000,351.111625
2026-02-26T09:00:00.000000000Z,2026-02-26T13:30:00.000000000Z,LONG,8000.00,8000.00,0.71179,0.71110,EXIT,FLIP,-6.90,-6.90,-5.5200,-8.65,103.3200,18,0,14058,-9.700020,341.411605
2026-02-26T13:30:00.000000000Z,2026-02-26T13:30:00.000000000Z,SHORT,8000.00,0.00,0.71110,0.71110,ENTRY,FLIP_ENTRY,0.00,0.00,0.0000,0.00,103.3200,0,13683,0,0.000000,341.411605
2026-02-26T13:30:00.000000000Z,2026-02-26T15:15:00.000000000Z,SHORT,8000.00,2400.00,0.71110,0.70916,TP1,TP1,19.35,5.81,4.6440,-4.45,107.9640,6,0,4105,7.943175,349.354780
2026-02-26T13:30:00.000000000Z,2026-02-26T15:15:00.000000000Z,SHORT,8000.00,5600.00,0.71110,0.70916,RUNNER,RUNNER_STOP,19.35,13.55,10.8360,-4.45,118.8000,6,0,9578,18.533430,367.888210
2026-02-26T15:30:00.000000000Z,2026-02-26T15:30:00.000000000Z,LONG,8000.00,0.00,0.70928,0.70928,ENTRY,ENTRY,0.00,0.00,0.0000,0.00,118.8000,0,14782,0,0.000000,367.888210
2026-02-26T15:30:00.000000000Z,2026-02-26T21:30:00.000000000Z,LONG,8000.00,8000.00,0.70928,0.71054,EXIT,FLIP,12.50,12.50,10.0000,-19.25,128.8000,24,0,14782,18.477500,386.365710
2026-02-26T21:30:00.000000000Z,2026-02-26T21:30:00.000000000Z,SHORT,8000.00,0.00,0.71054,0.71054,ENTRY,FLIP_ENTRY,0.00,0.00,0.0000,0.00,128.8000,0,15497,0,0.000000,386.365710
2026-02-26T21:30:00.000000000Z,2026-02-27T00:00:00.000000000Z,SHORT,8000.00,8000.00,0.71054,0.71067,EXIT,FLIP,-1.40,-1.40,-1.1200,-4.05,127.6800,10,0,15497,-2.169580,384.196130
2026-02-27T00:00:00.000000000Z,2026-02-27T00:00:00.000000000Z,LONG,8000.00,0.00,0.71067,0.71067,ENTRY,FLIP_ENTRY,0.00,0.00,0.0000,0.00,127.6800,0,15407,0,0.000000,384.196130
2026-02-27T00:00:00.000000000Z,2026-02-27T05:20:00.000000000Z,LONG,8000.00,2400.00,0.71067,0.71261,TP1,TP1,19.35,5.81,4.6440,-10.55,132.3240,20,0,4622,8.943570,393.139700
2026-02-27T00:00:00.000000000Z,2026-02-27T05:20:00.000000000Z,LONG,8000.00,5600.00,0.71067,0.71261,RUNNER,RUNNER_STOP,19.35,13.55,10.8360,-10.55,143.1600,20,0,10785,20.868975,414.008675
2026-02-27T05:45:00.000000000Z,2026-02-27T05:45:00.000000000Z,SHORT,8000.00,0.00,0.71254,0.71254,ENTRY,ENTRY,0.00,0.00,0.0000,0.00,143.1600,0,16559,0,0.000000,414.008675
2026-02-27T05:45:00.000000000Z,2026-02-27T09:15:00.000000000Z,SHORT,8000.00,8000.00,0.71254,0.71176,EXIT,FLIP,7.70,7.70,6.1600,-3.25,149.3200,14,0,16559,12.750430,426.759105
2026-02-27T09:15:00.000000000Z,2026-02-27T09:15:00.000000000Z,LONG,8000.00,0.00,0.71176,0.71176,ENTRY,FLIP_ENTRY,0.00,0.00,0.0000,0.00,149.3200,0,17088,0,0.000000,426.759105
2026-02-27T09:15:00.000000000Z,2026-02-27T13:40:00.000000000Z,LONG,8000.00,8000.00,0.71176,0.70890,EXIT,SL,-28.65,-28.65,-22.9200,-29.65,126.4000,16,0,17088,-48.957120,377.801985
2026-02-27T16:15:00.000000000Z,2026-02-27T16:15:00.000000000Z,SHORT,8000.00,0.00,0.71212,0.71212,ENTRY,ENTRY,0.00,0.00,0.0000,0.00,126.4000,0,15120,0,0.000000,377.801985
2026-02-27T16:15:00.000000000Z,2026-02-27T20:00:00.000000000Z,SHORT,8000.00,8000.00,0.71212,0.71203,EXIT,FLIP,0.90,0.90,0.7200,-6.45,127.1200,15,0,15120,1.360800,379.162785
2026-02-27T20:00:00.000000000Z,2026-02-27T20:00:00.000000000Z,LONG,8000.00,0.00,0.71203,0.71203,ENTRY,FLIP_ENTRY,0.00,0.00,0.0000,0.00,127.1200,0,15176,0,0.000000,379.162785
