ts,equity
2026-01-19T15:45:00.000000000Z,-13.3000
2026-01-19T17:15:00.000000000Z,-12.4600
2026-01-19T20:15:00.000000000Z,-13.8600
2026-01-20T04:50:00.000000000Z,-8.4560
2026-01-20T05:45:00.000000000Z,-0.0560
2026-01-20T10:30:00.000000000Z,1.9040
2026-01-20T17:30:00.000000000Z,7.5040
2026-01-20T20:30:00.000000000Z,11.4240
2026-01-20T22:45:00.000000000Z,10.1640
2026-01-21T01:00:00.000000000Z,8.7640
2026-01-21T02:30:00.000000000Z,9.6040
2026-01-21T04:45:00.000000000Z,11.9840
2026-01-21T07:23:00.000000000Z,17.3880
2026-01-21T08:04:00.000000000Z,23.3940
2026-01-21T13:54:00.000000000Z,28.7980
2026-01-21T14:03:00.000000000Z,34.8040
2026-01-21T17:45:00.000000000Z,36.7640
2026-01-22T00:30:00.000000000Z,42.1680
2026-01-22T00:30:00.000000000Z,48.1740
2026-01-22T06:45:00.000000000Z,37.1140
2026-01-22T14:45:00.000000000Z,40.8940
2026-01-22T17:52:00.000000000Z,20.8040
2026-01-23T00:00:00.000000000Z,21.0840
2026-01-23T02:00:00.000000000Z,21.8540
2026-01-23T03:45:00.000000000Z,20.7340
2026-01-23T07:15:00.000000000Z,22.4140
2026-01-23T10:45:00.000000000Z,21.9940
2026-01-23T13:07:00.000000000Z,27.3980
2026-01-23T13:24:00.000000000Z,33.4040
2026-01-23T16:35:00.000000000Z,13.3140
2026-01-25T22:04:00.000000000Z,-6.7760
2026-01-26T01:30:00.000000000Z,-15.5260
2026-01-26T10:45:00.000000000Z,-17.1360
2026-01-26T13:45:00.000000000Z,-15.4560
2026-01-26T14:58:00.000000000Z,-10.0520
2026-01-26T15:16:00.000000000Z,-4.0460
2026-01-26T22:39:00.000000000Z,1.3580
2026-01-26T23:00:00.000000000Z,8.7500
2026-01-27T03:00:00.000000000Z,10.9900
2026-01-27T09:15:00.000000000Z,12.3900
2026-01-27T12:10:00.000000000Z,17.7940
2026-01-27T13:15:00.000000000Z,28.3360
2026-01-27T15:10:00.000000000Z,8.2460
2026-01-27T20:48:00.000000000Z,-11.8440
2026-01-28T01:24:00.000000000Z,-6.4400
2026-01-28T01:28:00.000000000Z,-0.4340
2026-01-28T06:35:00.000000000Z,4.9700
2026-01-28T06:38:00.000000000Z,10.9760
2026-01-28T12:15:00.000000000Z,5.7960
2026-01-28T15:14:00.000000000Z,-14.2940
2026-01-28T19:15:00.000000000Z,-18.1440
2026-01-28T20:03:00.000000000Z,-38.2340
2026-01-29T03:11:00.000000000Z,-32.8300
2026-01-29T06:00:00.000000000Z,-16.1980
2026-01-29T08:48:00.000000000Z,-10.7940
2026-01-29T09:02:00.000000000Z,-4.7880
2026-01-29T13:05:00.000000000Z,0.6160
2026-01-29T13:38:00.000000000Z,6.6220
2026-01-29T15:04:00.000000000Z,12.0260
2026-01-29T15:04:00.000000000Z,18.0320
2026-01-29T17:23:00.000000000Z,23.4360
2026-01-29T17:43:00.000000000Z,29.4420
2026-01-30T00:44:00.000000000Z,34.8460
2026-01-30T02:45:00.000000000Z,53.4100
2026-01-30T09:15:00.000000000Z,41.7900
2026-01-30T09:55:00.000000000Z,47.1940
2026-01-30T09:57:00.000000000Z,53.2000
2026-01-30T13:51:00.000000000Z,58.6040
2026-01-30T13:52:00.000000000Z,64.6100
2026-01-30T16:03:00.000000000Z,44.5200
2026-01-30T21:45:00.000000000Z,32.9000
2026-02-01T22:59:00.000000000Z,38.3040
2026-02-01T23:03:00.000000000Z,44.3100
2026-02-02T02:15:00.000000000Z,49.3500
2026-02-02T04:01:00.000000000Z,54.7540
2026-02-02T04:15:00.000000000Z,60.7600
2026-02-02T07:55:00.000000000Z,66.1640
2026-02-02T08:01:00.000000000Z,72.1700
2026-02-02T14:30:00.000000000Z,63.4200
2026-02-03T02:00:00.000000000Z,68.4600
2026-02-03T03:33:00.000000000Z,48.3700
2026-02-03T07:32:00.000000000Z,28.2800
2026-02-03T09:25:00.000000000Z,33.6840
2026-02-03T09:25:00.000000000Z,39.6900
2026-02-03T17:15:00.000000000Z,45.4300
2026-02-03T19:05:00.000000000Z,50.8340
2026-02-03T19:11:00.000000000Z,56.8400
2026-02-04T01:00:00.000000000Z,51.3800
2026-02-04T02:15:00.000000000Z,48.7200
2026-02-04T04:00:00.000000000Z,47.3200
2026-02-04T07:15:00.000000000Z,49.9800
2026-02-04T11:45:00.000000000Z,54.1800
2026-02-04T14:30:00.000000000Z,53.4800
2026-02-04T15:34:00.000000000Z,58.8840
2026-02-04T15:38:00.000000000Z,64.8900
2026-02-04T17:40:00.000000000Z,44.8000
2026-02-05T02:15:00.000000000Z,50.2040
2026-02-05T02:22:00.000000000Z,56.2100
2026-02-05T14:30:00.000000000Z,53.2000
2026-02-05T15:26:00.000000000Z,33.1100
2026-02-05T21:07:00.000000000Z,13.0200
2026-02-06T02:01:00.000000000Z,18.4240
2026-02-06T02:45:00.000000000Z,25.5220
2026-02-06T08:20:00.000000000Z,5.4320
2026-02-06T14:33:00.000000000Z,10.8360
2026-02-06T14:33:00.000000000Z,16.8420
2026-02-06T18:30:00.000000000Z,5.0120
2026-02-06T21:45:00.000000000Z,-1.7780
2026-02-08T23:00:00.000000000Z,-11.6480
2026-02-09T00:30:00.000000000Z,-11.9280
2026-02-09T03:00:00.000000000Z,-13.7480
2026-02-09T03:45:00.000000000Z,-19.0680
2026-02-09T05:00:00.000000000Z,-22.8480
2026-02-09T07:15:00.000000000Z,-19.0680
2026-02-09T11:30:00.000000000Z,-19.2080
2026-02-09T13:05:00.000000000Z,-13.8040
2026-02-09T16:15:00.000000000Z,7.7840
2026-02-09T21:45:00.000000000Z,0.1540
2026-02-10T06:12:00.000000000Z,-19.9360
2026-02-10T09:45:00.000000000Z,-16.8560
2026-02-10T13:45:00.000000000Z,-18.2560
2026-02-10T15:00:00.000000000Z,-17.0660
2026-02-10T19:00:00.000000000Z,-14.0560
2026-02-11T01:43:00.000000000Z,-8.6520
2026-02-11T11:30:00.000000000Z,8.4420
2026-02-11T13:30:00.000000000Z,13.8460
2026-02-11T13:30:00.000000000Z,19.8520
2026-02-11T14:18:00.000000000Z,25.2560
2026-02-11T14:19:00.000000000Z,31.2620
2026-02-11T21:45:00.000000000Z,34.6220
2026-02-12T02:15:00.000000000Z,37.9820
2026-02-12T04:50:00.000000000Z,43.3860
2026-02-12T04:54:00.000000000Z,49.3920
2026-02-12T12:15:00.000000000Z,52.8920
2026-02-12T16:13:00.000000000Z,58.2960
2026-02-12T16:13:00.000000000Z,64.3020
2026-02-12T18:30:00.000000000Z,61.9920
2026-02-12T23:30:00.000000000Z,59.4720
2026-02-13T02:45:00.000000000Z,55.6920
2026-02-13T03:45:00.000000000Z,50.3720
2026-02-13T06:28:00.000000000Z,55.7760
2026-02-13T07:45:00.000000000Z,65.0160
2026-02-13T10:00:00.000000000Z,69.3560
2026-02-13T11:52:00.000000000Z,74.7600
2026-02-13T12:03:00.000000000Z,80.7660
2026-02-13T13:30:00.000000000Z,86.1700
2026-02-13T13:30:00.000000000Z,92.1760
2026-02-13T16:45:00.000000000Z,86.9960
2026-02-13T19:15:00.000000000Z,94.6960
2026-02-13T21:45:00.000000000Z,97.7060
2026-02-16T02:00:00.000000000Z,102.4660
2026-02-16T05:45:00.000000000Z,97.4960
2026-02-16T07:00:00.000000000Z,95.1160
2026-02-16T12:00:00.000000000Z,94.4160
